0,Action,Adventure,Animation,Comedy,Crime,Documentary,Drama,Family,Fantasy,History,Horror,Music,Mystery,Romance,Science_Fiction,TV_Movie,Thriller,War
10008,1,0,0,0,0,0,1,0,0,0,1,0,0,0,1,0,1,0
10012,1,0,0,0,1,0,0,0,1,0,0,0,1,0,0,0,0,0
10017,0,0,0,0,0,0,0,0,0,1,0,0,0,0,0,0,0,0
100183,1,0,0,0,0,0,0,0,0,0,0,0,0,0,1,0,0,0
10019,1,1,0,0,0,0,1,0,0,0,0,0,0,0,0,0,1,0
10020,0,0,0,0,0,0,0,0,0,0,0,0,0,0,0,0,1,0
10023,1,0,0,1,0,0,1,1,0,0,0,1,0,0,0,0,0,0
100241,1,1,0,0,0,0,0,0,1,0,0,0,0,0,1,0,0,0
100271,1,0,0,0,0,0,0,0,0,0,0,0,0,0,0,0,0,0
10047,0,0,1,0,0,0,1,0,0,1,0,0,0,0,0,0,0,0
10049,0,1,0,0,0,0,1,0,0,0,0,0,0,0,0,0,0,0
10053,0,0,0,0,0,0,1,0,0,0,1,0,0,0,0,0,0,0
10072,0,0,0,0,0,0,1,0,0,0,0,0,0,0,0,0,0,0
10081,0,0,0,1,0,0,1,0,0,0,0,0,0,0,0,0,0,0
10096,0,0,0,1,0,0,1,0,0,0,0,0,0,1,0,0,0,0
10105,0,0,0,0,0,0,0,1,0,0,0,0,0,0,0,0,0,0
10126,0,0,0,1,1,1,0,0,0,0,0,0,1,0,1,0,0,0
10131,0,0,0,0,0,0,1,0,0,0,0,0,0,0,0,0,0,0
10134,0,0,0,0,0,0,0,0,0,0,0,0,0,0,0,0,0,0
10135,0,0,0,1,0,0,1,0,0,0,0,0,0,0,0,0,0,0
10140,0,0,0,0,0,0,1,1,0,0,0,0,0,1,0,0,0,0
10147,0,0,0,0,0,0,1,0,0,0,0,0,0,0,0,0,1,0
101519,0,0,0,0,0,0,1,0,1,0,0,0,0,0,0,0,0,0
10160,1,1,0,0,0,0,1,0,0,1,1,0,0,0,0,0,0,0
10170,1,0,0,0,0,0,1,0,0,0,0,0,0,0,0,0,1,0
10173,0,1,0,0,0,0,0,1,0,0,1,0,0,0,0,0,0,0
10180,0,0,0,1,0,0,1,0,0,0,0,0,0,1,0,0,1,0
10197,0,1,0,1,1,0,0,0,0,0,0,0,0,0,0,0,0,0
10212,0,0,0,1,0,0,0,0,0,0,0,0,0,0,0,0,1,0
10213,0,0,1,1,0,0,1,0,0,0,0,0,0,1,0,0,0,0
10222,0,0,0,1,0,0,0,0,0,0,0,0,0,0,0,0,0,0
10225,0,1,0,0,0,0,1,0,0,0,0,0,0,0,0,0,1,1
10226,1,1,0,0,0,0,0,0,0,0,0,0,0,0,0,0,1,0
10228,0,0,0,1,0,0,0,0,0,0,0,0,0,0,0,0,0,0
10243,0,0,0,1,0,0,0,0,0,1,0,0,0,0,0,0,0,0
10249,0,0,0,0,0,0,1,0,0,0,0,0,0,0,0,0,1,0
102651,0,0,1,0,0,0,0,0,1,0,0,0,0,0,0,0,0,0
102784,1,0,0,0,0,0,0,0,0,1,0,1,0,0,0,0,0,0
10280,0,0,0,1,0,0,0,1,0,0,1,0,0,0,0,0,0,0
10281,0,0,0,1,0,0,1,0,0,0,0,0,0,1,0,0,1,0
10283,0,0,0,1,0,0,0,0,0,0,0,0,1,0,0,0,0,0
10285,0,0,0,0,0,0,1,0,0,0,0,0,0,0,0,0,0,0
10292,0,0,0,1,0,0,0,1,0,0,0,0,0,0,0,0,0,0
10294,0,0,0,0,0,0,1,0,0,0,1,0,0,0,0,0,0,0
10306,0,0,1,0,0,0,1,0,0,0,1,0,1,0,1,0,0,0
10323,0,0,0,0,0,0,0,0,0,0,0,0,0,0,0,0,0,0
10328,0,0,0,1,0,0,1,0,0,0,0,0,0,1,0,0,0,0
10339,1,0,0,0,0,0,0,0,0,0,0,0,0,0,0,0,0,0
10344,0,1,1,0,0,0,1,0,0,0,0,0,0,1,0,0,0,0
10345,0,0,0,0,0,0,1,0,0,0,0,0,0,1,0,0,0,0
10348,1,0,0,0,0,0,1,0,0,0,0,0,0,0,0,0,0,0
10366,1,0,1,1,0,0,0,0,0,0,0,0,0,1,1,0,0,0
10373,0,0,0,0,0,0,0,0,0,0,0,0,0,0,0,0,0,0
10375,0,0,0,1,0,0,0,0,0,0,0,0,1,0,1,0,1,0
10376,0,0,0,0,1,0,1,0,0,0,0,0,0,0,0,0,0,0
10383,1,0,0,0,0,0,0,0,0,0,0,0,0,0,0,0,1,0
10384,0,1,1,1,0,0,0,0,0,0,0,0,0,0,0,0,0,0
10395,0,1,0,0,0,0,1,1,0,0,0,0,0,1,0,0,0,0
10433,0,0,0,0,1,0,1,0,0,0,0,0,0,0,0,0,0,0
104755,1,0,0,0,0,0,0,0,1,0,0,0,1,0,1,0,1,0
10479,0,0,0,0,0,0,1,0,0,1,0,0,0,0,0,0,1,0
10480,0,0,0,1,0,0,0,0,0,0,0,0,0,1,0,0,0,0
104858,1,0,0,0,0,0,0,0,1,0,0,1,0,0,0,0,0,0
10489,0,0,0,0,0,0,0,0,0,0,0,0,0,0,0,0,0,1
1049,0,0,0,0,0,0,1,0,0,0,0,0,0,0,0,0,0,0
105073,0,0,0,1,1,0,1,0,0,0,1,0,0,1,0,0,0,0
105077,1,0,0,0,0,0,0,0,0,0,0,0,0,1,0,0,0,0
10510,0,0,0,1,0,0,1,1,0,0,0,0,0,1,0,0,0,0
10537,0,0,0,0,0,0,1,0,0,0,0,0,0,0,0,0,0,0
10539,0,0,0,0,0,0,0,1,0,0,0,0,0,1,0,0,1,0
10544,0,0,1,0,0,0,1,0,0,0,0,0,0,0,0,0,0,0
10548,1,0,1,0,1,0,0,1,0,0,0,0,0,0,0,0,0,0
10559,0,0,0,1,0,0,0,0,0,0,0,0,0,0,0,0,0,0
10560,0,0,0,0,1,0,1,0,0,0,0,0,0,1,0,0,0,0
10562,1,1,0,0,0,0,1,0,0,0,0,0,0,0,0,0,1,0
10569,1,0,0,0,0,0,0,0,0,0,1,1,0,1,1,0,0,1
10576,0,0,0,0,0,0,1,0,0,0,0,0,0,0,0,0,0,0
10577,0,0,0,0,1,0,1,0,0,0,0,0,0,0,0,0,0,0
1058,1,1,0,0,0,0,1,0,1,0,0,0,0,0,0,0,0,0
10585,1,0,0,0,0,0,1,0,0,0,0,0,1,0,0,0,0,0
10590,0,0,0,0,0,0,1,0,0,0,0,0,0,1,0,0,0,0
10601,0,0,0,0,1,0,1,1,0,0,1,0,0,0,0,0,0,0
106035,0,0,0,0,0,0,1,0,0,0,0,0,0,1,0,0,0,0
10622,0,0,0,0,0,0,0,0,0,0,0,0,0,0,0,0,0,0
10623,1,0,0,0,0,0,1,0,0,0,0,0,0,0,0,0,0,0
10633,1,0,0,0,0,0,1,0,0,0,0,0,0,0,0,0,0,0
10654,0,0,0,0,0,0,0,0,0,0,0,0,0,0,0,0,0,0
10656,0,0,0,1,1,0,0,0,0,0,0,0,0,0,1,0,1,0
10664,0,1,1,0,0,0,1,0,1,0,0,0,0,1,0,0,1,0
106646,0,0,1,1,0,0,0,0,0,0,0,0,1,1,0,0,1,0
10665,1,0,0,0,0,0,1,0,0,0,1,0,1,1,0,0,1,0
10675,0,0,1,0,1,0,0,0,0,0,0,0,0,0,0,1,1,0
10676,0,0,0,0,0,0,0,0,0,0,0,0,0,0,0,0,0,0
10684,0,0,0,0,0,0,1,0,0,0,0,0,0,0,0,0,0,0
10685,1,0,0,0,1,0,0,0,0,0,0,0,0,0,0,0,1,0
10706,0,0,0,0,0,0,0,0,1,0,0,0,0,0,0,0,1,0
10726,0,0,0,1,0,0,1,0,0,0,0,0,0,0,0,0,0,0
10727,0,0,0,0,0,0,0,0,0,0,1,0,0,0,0,0,0,0
1073,0,0,0,1,0,0,1,0,0,0,0,0,0,0,0,0,1,0
10730,0,1,0,1,0,0,1,0,1,0,0,0,0,0,1,0,0,0
107315,1,0,0,0,1,0,1,1,0,0,0,0,0,0,0,0,0,0
10764,1,0,0,0,1,0,1,0,0,0,1,0,0,0,0,0,1,0
10771,1,0,0,0,0,0,0,0,0,0,0,0,1,1,0,0,0,1
10779,0,0,0,0,1,0,0,0,1,0,1,0,0,0,1,0,1,0
10783,0,0,0,1,0,0,0,0,0,0,0,0,0,1,0,0,0,0
107846,1,0,0,0,1,0,0,0,0,0,1,0,0,1,0,0,0,0
10786,1,1,0,0,0,0,1,0,0,0,0,0,0,1,0,0,0,1
10790,0,0,0,0,0,0,1,0,0,0,0,0,1,0,0,0,1,0
10795,0,0,0,1,0,0,1,0,1,0,0,0,0,0,0,0,0,0
10803,0,0,0,0,1,0,1,0,0,0,0,1,0,1,0,0,1,0
10823,0,1,0,0,0,0,1,1,0,0,0,0,0,0,0,0,1,0
10829,0,0,0,0,0,0,1,0,0,0,1,0,0,0,0,0,1,1
10836,1,0,0,1,0,0,0,0,0,0,0,0,0,0,0,0,1,0
10843,0,0,0,1,0,0,1,0,0,0,0,0,0,0,0,1,0,0
108450,0,0,0,0,0,0,1,0,0,0,0,0,0,0,0,0,0,0
10851,1,0,0,0,0,0,1,0,0,0,0,0,0,0,0,0,1,0
108560,0,1,0,0,0,0,1,0,1,0,0,0,0,0,0,0,0,0
10859,0,0,0,1,1,0,0,1,1,0,0,0,0,0,0,0,0,0
10863,0,0,0,0,1,0,1,0,0,0,0,0,0,1,0,0,0,1
10871,1,0,0,1,0,0,0,0,0,0,0,0,0,0,0,0,1,0
10875,0,0,1,1,0,0,0,0,0,0,0,0,0,0,0,0,0,0
1088,1,1,0,0,0,0,1,0,0,0,1,0,0,1,1,0,1,1
10881,1,1,0,0,0,0,0,0,0,0,0,0,0,0,1,0,0,0
10882,0,0,0,0,0,0,1,0,0,0,0,0,1,1,0,0,0,0
109,0,0,0,0,0,0,1,0,0,0,1,0,0,0,0,0,0,0
10907,0,0,0,1,0,0,1,0,0,0,0,0,0,1,0,0,0,0
109099,1,0,0,0,0,0,0,0,0,0,0,0,0,0,0,0,1,0
1091,0,0,0,0,0,0,1,0,0,0,0,0,0,0,0,0,0,0
1092,0,0,0,0,1,0,1,0,0,0,0,0,0,0,0,0,0,0
10925,0,0,0,0,0,0,1,0,0,0,0,0,0,0,0,0,0,0
109417,1,1,0,1,1,0,0,0,0,0,0,0,0,0,0,0,0,0
10943,1,1,0,0,0,0,1,0,0,0,0,0,0,0,0,0,1,0
10944,0,0,0,0,0,0,1,0,0,1,0,0,0,0,0,0,0,1
109513,1,0,0,1,0,0,0,0,0,0,0,0,0,1,0,0,0,0
10975,1,0,0,1,0,0,0,0,0,0,0,0,0,0,0,0,0,0
10984,1,1,0,1,0,0,0,0,0,0,0,0,0,0,1,0,1,0
10987,0,0,0,0,0,0,0,1,0,1,0,0,1,1,0,0,0,0
10998,0,0,0,1,0,0,1,0,0,0,0,0,0,0,0,0,0,0
11001,0,1,0,1,1,0,0,0,0,0,0,0,0,0,0,0,0,0
11009,0,0,0,0,0,0,0,0,0,0,0,0,0,0,0,0,0,0
110148,0,0,0,1,0,0,1,0,0,0,0,0,0,0,0,0,0,0
11015,0,0,0,0,1,0,0,0,0,0,1,0,0,0,0,0,1,0
11019,0,0,0,0,0,0,1,0,0,0,0,0,0,0,0,0,0,0
11024,0,1,0,1,0,0,0,1,0,0,0,0,0,0,0,0,0,0
11026,0,1,0,0,1,0,1,0,0,0,0,0,0,0,0,0,0,0
11028,0,1,1,0,0,0,1,1,0,1,0,0,0,1,0,0,0,0
1103,0,0,0,1,1,0,0,1,0,0,0,0,0,0,1,0,1,0
11033,0,0,0,1,0,0,1,1,0,0,0,0,0,0,0,0,0,0
110415,1,0,1,0,0,0,1,0,1,0,0,0,1,0,0,0,1,0
11042,0,0,0,0,0,0,0,0,0,1,0,0,0,0,0,0,0,0
110420,0,0,0,1,0,0,1,0,0,0,0,0,0,1,0,0,0,0
11069,0,1,1,1,1,0,0,0,0,0,0,0,0,1,0,0,1,0
11071,1,0,0,0,0,0,0,0,0,0,0,0,0,0,0,0,1,1
11085,1,0,0,1,0,0,1,0,0,0,0,0,0,1,0,0,0,0
11096,0,0,0,0,0,0,1,0,0,1,0,0,0,0,0,0,1,0
11103,0,0,0,1,0,0,0,0,0,0,0,0,0,0,0,0,1,0
11113,0,0,1,1,0,0,0,0,0,0,0,0,0,0,0,0,0,1
11119,0,0,0,0,1,0,1,0,1,0,0,0,0,0,0,0,1,0
11133,1,0,0,0,0,0,1,0,0,0,0,0,0,0,0,0,0,0
11135,0,0,0,1,0,0,1,0,0,0,0,0,0,0,0,0,0,0
111440,1,0,0,0,0,0,0,1,0,0,1,0,0,0,0,0,1,0
111479,0,0,0,1,0,0,0,0,0,0,0,0,0,0,0,0,0,0
11165,1,0,0,0,0,0,1,0,0,0,0,0,0,0,0,0,0,0
11176,0,1,1,1,0,0,0,0,0,0,0,1,0,1,0,0,0,0
11208,0,1,0,0,0,0,1,0,0,0,0,0,0,0,0,0,0,0
112205,0,0,0,1,0,0,1,0,0,0,0,0,1,0,0,0,0,0
11224,0,0,0,1,0,0,1,1,0,0,0,0,0,0,0,0,0,0
11225,0,0,0,0,0,0,0,0,0,0,0,0,0,1,0,0,1,0
11229,0,0,0,1,0,0,1,0,0,0,0,0,0,0,0,0,0,0
11236,0,0,0,1,0,0,1,0,0,0,0,0,0,0,0,0,0,0
11246,0,0,0,1,0,0,0,0,0,0,0,0,0,0,1,0,0,0
11252,1,0,0,0,0,0,1,0,0,0,0,0,0,1,0,0,1,1
11258,1,0,0,1,0,0,0,0,0,0,1,1,0,0,1,0,0,0
11259,0,0,0,0,0,0,1,1,0,0,0,0,0,0,0,0,0,0
11281,1,1,0,0,1,0,1,0,0,1,0,0,0,0,0,0,1,0
11285,0,0,0,0,0,0,1,0,1,0,1,0,0,1,0,0,1,0
11304,0,0,0,1,0,0,1,0,0,0,0,0,0,0,0,0,0,0
11322,0,0,0,0,1,0,1,0,0,0,0,0,0,1,0,0,0,0
11323,0,1,1,0,0,0,1,1,0,0,0,1,0,0,0,0,1,0
11326,1,0,0,0,0,0,0,0,0,0,0,0,0,0,0,0,0,0
11336,0,0,0,1,0,0,1,0,0,0,0,0,0,0,0,0,0,0
11338,1,0,0,0,0,0,1,0,0,0,0,0,0,0,0,0,0,0
11342,0,0,0,0,0,0,0,0,0,0,0,0,0,0,0,0,0,0
11344,0,0,0,0,1,0,1,0,0,0,0,0,1,1,0,0,0,0
11347,0,1,0,0,1,0,1,0,0,0,0,0,0,0,0,0,1,0
11348,0,0,0,0,0,0,1,0,0,0,0,0,0,0,0,0,0,0
11351,1,1,0,0,0,0,0,0,0,0,0,0,0,0,0,0,0,0
11357,0,0,0,0,0,0,0,0,0,0,1,0,0,0,0,0,1,0
11359,0,0,0,0,0,0,1,0,0,0,0,0,0,1,0,0,1,0
11361,1,1,0,1,0,0,1,1,0,0,0,0,0,0,0,0,0,0
11377,0,0,0,0,1,0,0,0,0,0,1,0,0,0,0,0,0,0
11384,0,0,0,0,0,0,0,0,0,1,0,0,0,0,0,0,0,0
11400,0,0,0,0,0,0,1,0,0,0,0,0,0,0,0,0,0,0
11415,0,0,0,0,0,0,1,0,1,0,0,0,0,0,0,0,0,0
11416,1,1,1,1,0,0,1,0,0,0,0,0,0,1,1,0,1,0
11420,0,0,0,0,0,0,1,0,0,0,0,0,0,0,0,0,0,0
11427,1,1,0,0,0,0,0,0,1,0,1,0,0,1,0,0,0,0
11428,0,0,0,0,0,0,1,0,1,0,0,0,0,1,0,0,1,0
11439,0,0,0,0,0,0,1,0,0,0,0,0,0,0,0,0,0,0
11442,0,0,1,0,0,0,0,0,0,0,0,0,0,0,0,0,1,0
11460,1,1,0,0,0,0,1,0,1,0,0,0,0,0,0,0,1,0
11462,0,0,0,0,0,0,0,0,0,0,0,0,0,0,0,0,0,0
11468,1,0,0,0,0,0,1,1,0,0,0,0,0,0,0,0,0,0
11482,0,0,0,0,0,0,1,0,0,1,0,1,0,0,0,0,0,0
11509,0,1,0,0,0,0,1,0,0,0,0,0,0,0,0,0,0,0
11513,0,0,0,1,0,0,1,1,0,0,0,0,1,0,0,0,0,0
11516,1,0,0,0,0,0,0,0,0,0,0,0,0,0,0,0,0,0
11517,0,0,0,0,1,0,0,0,0,0,1,0,0,0,0,0,1,0
11521,0,0,0,0,0,0,0,0,0,0,0,0,0,1,0,0,0,0
11531,1,0,0,0,0,0,1,0,0,0,0,0,0,0,1,0,1,0
11558,1,1,0,0,0,0,0,1,0,0,1,0,0,1,0,0,0,0
11560,0,0,0,0,0,0,1,0,0,0,0,0,0,0,0,0,0,0
11571,1,1,0,1,0,0,0,0,0,0,0,0,0,0,0,0,1,0
11586,0,0,0,0,0,0,0,0,0,0,0,0,0,0,1,0,0,0
11587,0,0,0,0,0,0,1,0,0,0,0,0,0,0,0,0,0,0
115929,0,0,0,0,0,0,1,1,0,0,0,0,0,0,0,0,0,0
11601,1,0,0,0,0,0,0,0,0,0,0,0,0,0,0,0,0,0
11620,0,0,1,1,0,0,1,0,0,0,1,1,0,0,0,0,0,0
11639,0,0,0,0,1,0,0,0,0,0,0,0,0,0,0,0,0,0
11644,0,0,0,1,0,0,1,0,0,1,1,0,0,0,0,0,0,0
11658,1,1,1,0,0,0,0,0,0,0,0,0,0,0,0,0,0,0
116613,1,1,0,0,0,0,1,0,1,0,0,0,0,0,0,0,0,0
11663,0,0,0,1,0,0,0,0,0,0,0,0,1,0,0,0,0,0
116745,0,0,0,0,0,0,1,0,0,0,0,0,0,0,0,0,0,0
11675,0,0,0,0,0,0,1,0,0,0,0,0,0,0,0,0,1,0
11686,0,0,0,0,0,0,0,0,0,1,0,0,0,0,0,0,0,0
116979,1,0,0,0,0,0,1,0,0,0,0,0,1,0,0,0,0,0
11704,0,0,0,1,0,0,1,0,0,0,0,0,0,1,0,0,0,0
117263,1,0,0,0,0,0,0,0,0,0,0,0,0,0,1,0,0,0
11761,0,0,0,1,0,0,1,1,0,0,0,0,0,0,0,0,1,1
117923,0,0,0,0,0,0,1,1,0,0,0,0,0,0,0,0,1,0
117978,0,0,0,0,0,0,0,0,1,0,0,0,0,0,0,0,0,0
11814,0,0,0,0,0,0,0,0,0,0,1,0,0,0,0,0,0,0
11824,1,0,0,1,0,0,0,0,0,0,0,0,0,0,0,0,0,0
118612,0,0,0,0,0,0,1,0,0,0,0,0,0,0,0,0,1,0
118737,0,0,0,0,0,0,0,0,0,0,0,0,0,0,0,0,0,0
11962,0,0,1,1,0,0,1,0,1,0,1,0,0,0,0,0,0,0
11963,0,0,0,0,0,0,1,0,0,0,0,0,0,0,0,0,0,0
11967,0,0,1,0,0,0,0,1,0,0,0,0,0,0,0,0,0,0
11968,1,0,0,0,0,0,0,0,1,0,0,0,0,0,1,0,1,0
11969,0,0,0,1,0,0,1,0,0,0,0,0,0,0,1,0,0,0
11970,0,1,0,1,0,0,1,0,1,0,0,1,1,1,0,0,1,0
11980,1,0,0,1,1,0,1,0,0,0,0,0,0,0,0,0,1,0
119892,1,0,0,0,0,0,0,0,0,1,0,0,0,0,0,1,1,0
120172,1,0,0,0,0,0,0,0,0,0,1,0,0,0,1,0,1,0
12079,0,0,0,1,0,0,0,0,0,0,0,0,0,1,0,0,0,0
12085,1,0,0,0,1,0,1,0,0,0,0,0,0,0,0,0,0,0
12095,0,0,0,0,0,0,1,0,0,0,0,0,0,0,0,0,0,0
12096,0,0,0,1,0,0,0,1,0,0,0,0,0,0,0,0,0,0
12103,0,1,0,0,0,0,1,0,0,0,0,0,0,0,0,0,1,0
12110,0,0,1,0,0,0,0,0,1,0,0,0,0,1,0,0,0,0
12122,0,0,0,0,0,0,0,0,0,0,0,0,0,0,0,0,0,0
12155,1,0,0,0,0,0,0,0,0,0,0,0,1,0,0,0,0,0
121677,1,0,0,1,0,0,1,0,0,0,0,0,0,0,0,0,1,0
12187,0,0,0,0,0,0,1,0,0,0,0,0,0,0,0,0,0,0
121879,1,0,0,0,0,0,0,1,0,0,0,0,0,0,0,0,0,0
12201,1,0,0,0,0,0,0,1,0,0,0,0,0,0,0,0,1,0
12205,1,0,0,0,1,0,0,0,1,0,0,0,0,0,0,0,0,0
122800,0,0,0,0,0,0,1,0,0,0,0,0,0,0,0,0,0,0
122906,0,0,0,1,0,0,0,0,0,0,0,0,0,0,0,0,0,0
122924,1,0,0,0,1,0,0,0,1,0,0,1,0,1,0,0,1,0
122930,0,0,0,1,0,0,1,0,0,0,0,0,0,0,0,0,0,0
123105,1,0,0,0,1,0,0,0,0,0,0,0,1,0,0,0,1,0
123109,0,0,0,0,0,0,0,0,0,0,0,0,0,0,0,0,1,0
12311,0,0,0,0,0,0,0,0,0,0,0,0,0,0,0,0,0,1
123359,0,0,0,0,0,0,1,1,0,0,0,0,0,1,0,0,1,0
123553,1,0,0,0,0,0,0,0,0,0,1,0,0,0,0,0,1,0
123868,0,0,0,0,0,0,1,0,0,0,0,0,0,1,0,0,0,0
12403,1,0,0,0,0,0,1,0,0,0,0,0,0,0,0,0,0,0
12444,0,0,0,0,1,0,1,0,0,0,0,0,0,0,1,0,0,0
12445,1,0,1,0,1,0,1,0,0,1,1,0,0,0,0,0,0,0
12487,0,0,0,0,1,0,1,0,0,0,0,0,0,1,0,0,1,0
12488,1,0,0,1,0,0,1,0,0,0,0,0,0,0,0,0,0,1
12489,0,1,0,1,0,0,0,0,0,0,0,0,0,0,0,0,1,0
12490,0,1,0,1,0,0,0,0,0,0,0,0,0,1,0,0,0,0
124905,1,0,0,0,0,1,0,0,0,0,0,0,0,0,0,0,0,0
12493,0,0,0,1,0,0,0,0,0,0,0,0,0,0,0,0,0,0
12508,1,1,0,1,0,0,0,0,0,0,0,0,0,1,0,0,0,0
12526,0,0,0,0,1,0,1,0,0,0,0,0,1,0,0,0,1,0
12536,1,1,0,0,0,0,0,0,1,0,0,0,0,0,0,0,0,0
12542,1,0,0,0,1,0,0,0,1,0,0,0,1,0,0,0,0,0
125509,1,0,0,1,0,0,1,0,0,0,0,0,0,0,0,0,0,0
12556,0,0,0,0,0,0,1,0,0,0,0,0,0,0,0,0,0,0
12590,1,0,0,0,0,0,1,0,0,0,0,0,0,0,0,0,1,0
126043,0,0,0,0,0,0,1,1,0,0,0,0,0,1,0,0,0,0
12617,0,0,0,0,0,0,1,0,0,0,0,0,0,0,0,0,0,0
12619,0,0,0,0,1,0,0,0,0,0,0,0,0,0,0,0,1,0
126277,0,0,0,0,0,0,1,0,1,0,1,0,1,0,0,0,0,1
12662,0,1,0,0,0,0,1,0,0,0,1,0,0,0,0,0,0,0
12684,0,0,0,0,0,0,1,0,0,0,0,0,0,0,0,0,0,0
126889,0,0,0,0,0,0,0,0,0,0,0,0,0,1,1,0,1,0
12699,1,0,0,0,0,0,1,0,0,0,1,0,0,0,1,0,1,0
12700,0,1,0,0,0,0,1,0,0,0,0,0,0,0,0,0,1,0
1271,0,1,0,0,0,0,0,0,0,0,0,0,0,0,1,0,0,0
12719,0,0,0,1,0,0,0,0,0,0,0,0,0,0,0,0,0,0
12761,0,0,0,0,0,0,0,0,0,0,1,0,0,0,0,0,0,0
12764,0,0,0,1,1,0,0,0,0,0,0,0,0,0,0,0,0,0
12767,0,0,0,0,0,0,1,0,0,0,0,0,0,0,1,0,0,0
12783,0,0,0,0,0,0,0,0,0,0,0,0,0,0,0,0,1,0
128,0,0,0,0,0,0,0,0,1,0,0,0,1,0,0,0,1,0
1280,0,0,0,0,0,0,1,0,0,1,0,0,0,0,0,0,0,0
12920,0,0,0,0,0,0,0,0,0,0,0,0,0,0,0,0,0,0
12924,0,0,1,0,0,0,1,0,0,0,0,0,0,0,0,0,0,0
129418,0,0,0,0,0,0,0,0,0,0,1,0,1,0,0,0,1,0
129670,0,0,0,1,0,0,1,0,0,0,0,0,0,1,0,0,0,0
13009,1,0,0,0,0,0,0,0,0,0,0,0,0,0,0,0,0,0
13012,0,0,0,0,1,0,0,0,0,0,0,0,0,0,0,0,0,0
13018,0,0,0,0,0,0,1,0,0,0,0,0,0,0,1,0,1,0
13027,1,1,0,0,0,0,1,0,0,0,1,0,0,0,0,0,0,0
13121,0,0,0,0,0,0,0,0,0,0,0,0,0,0,0,0,0,0
13122,0,0,1,0,0,0,1,1,0,0,0,0,0,0,0,0,0,0
13123,0,0,0,0,0,0,1,0,0,0,0,0,0,1,0,0,0,0
13154,0,0,0,0,0,0,0,0,0,0,0,0,0,0,0,0,1,0
13155,0,0,0,0,0,0,1,0,0,0,0,0,0,0,0,0,0,0
13186,0,0,0,0,0,0,1,0,1,0,0,0,0,0,0,0,0,0
13187,1,1,0,1,1,0,0,0,0,0,0,0,0,1,0,0,0,0
132169,1,1,0,0,1,1,0,0,0,0,0,0,1,0,0,0,1,0
13220,0,0,0,0,0,0,1,1,0,0,0,0,1,1,0,0,0,0
13259,0,0,0,0,0,0,0,0,0,0,0,0,0,0,0,0,0,0
13274,0,1,0,0,0,0,1,0,0,0,1,0,0,0,0,0,1,0
133121,1,0,0,0,0,0,0,0,0,0,0,0,0,0,1,0,0,0
13364,0,0,0,0,0,0,1,0,0,0,0,0,0,0,0,0,0,0
13369,0,0,0,1,0,0,0,0,0,0,0,0,0,1,0,0,0,0
13380,0,0,0,1,0,0,0,0,0,0,0,0,0,0,0,1,0,0
13387,1,0,0,1,0,0,0,0,0,0,0,0,0,0,0,0,1,0
13400,0,1,0,0,0,0,0,0,0,0,0,0,0,1,1,0,0,0
13437,0,1,0,1,0,0,1,0,0,0,0,0,0,0,0,0,0,0
134375,1,1,0,0,0,0,0,0,0,0,0,0,0,0,1,0,0,0
134394,0,0,0,0,1,0,0,0,0,0,1,0,0,0,1,0,1,0
13440,1,0,0,1,0,0,0,0,0,0,0,0,0,1,0,0,1,0
13455,0,1,0,1,0,0,1,0,0,0,0,0,0,0,0,0,0,0
13466,0,0,0,0,0,0,0,0,0,0,0,0,0,1,0,0,0,0
13470,0,0,0,0,0,0,0,0,0,0,0,0,0,0,0,0,0,0
13474,0,0,0,1,0,0,0,0,0,0,0,0,0,0,1,0,0,0
13477,0,1,0,1,0,0,0,0,0,0,0,0,0,0,0,0,0,0
13491,0,0,0,0,0,0,1,0,0,0,0,0,0,0,0,0,0,0
13510,0,0,0,0,1,0,1,1,0,0,0,0,0,0,0,0,0,0
13515,1,0,0,0,0,0,1,0,0,0,0,0,1,0,0,0,0,0
13531,0,0,0,1,0,0,0,0,0,0,0,0,0,0,0,0,0,0
13534,1,0,1,0,0,0,0,1,0,0,0,0,0,0,0,0,0,0
135461,0,0,0,0,0,0,1,0,0,0,0,0,0,0,0,0,0,0
135531,1,0,0,0,0,0,1,0,0,0,1,0,0,0,0,0,0,0
13564,1,0,0,0,1,0,0,1,0,0,0,0,0,0,0,0,0,0
13595,0,0,0,1,0,0,0,0,0,0,0,0,0,0,0,0,0,0
13597,1,0,0,0,0,0,1,0,0,0,0,0,0,0,0,0,1,0
13600,0,0,0,0,0,0,0,0,0,0,1,0,1,0,1,0,0,0
136400,0,0,0,0,0,0,1,1,0,0,1,0,1,0,0,0,0,0
136418,1,0,0,1,0,0,1,0,0,0,0,0,0,1,0,0,0,0
13649,0,0,0,0,0,0,0,1,0,0,0,0,0,0,0,0,0,0
13652,0,0,0,1,0,0,0,0,1,0,0,0,0,0,0,0,0,0
136795,0,0,0,1,0,0,0,0,0,0,0,0,0,0,0,0,0,0
1368,0,0,0,0,0,0,0,0,0,0,0,0,0,0,0,0,0,0
13685,0,0,0,1,0,0,0,0,0,0,0,0,0,0,0,0,0,0
1369,0,0,0,1,0,0,0,0,0,0,1,0,0,0,0,0,0,0
13696,0,0,0,0,0,0,0,1,0,0,0,0,0,0,0,0,0,0
1370,0,1,0,0,0,0,0,0,0,0,0,0,0,0,0,0,1,0
13701,0,0,0,0,0,0,1,0,0,0,0,0,0,0,0,0,0,0
13703,1,0,1,0,1,0,1,1,0,0,0,0,0,0,0,0,0,1
137113,0,1,0,0,0,0,0,0,0,0,0,0,0,0,0,0,0,0
137193,0,0,0,1,0,0,1,1,0,0,0,0,0,0,0,0,0,0
13722,0,0,0,0,0,0,1,1,0,0,0,0,0,0,1,0,0,0
137409,1,0,0,0,0,0,0,0,0,0,0,0,0,0,1,0,1,0
13754,1,0,0,0,0,0,1,0,0,0,0,0,0,1,1,0,0,0
137548,1,0,0,1,0,0,0,1,0,0,1,0,0,0,0,0,0,0
13763,0,1,0,1,0,0,1,1,1,0,0,1,0,0,0,0,1,0
137776,0,0,0,1,0,0,1,0,0,1,0,0,0,0,0,0,1,0
13788,0,0,0,0,0,0,0,0,0,0,0,0,0,0,0,0,1,0
13812,0,0,0,0,1,0,0,0,0,0,0,0,0,0,0,0,0,0
13830,1,0,1,1,0,0,1,0,0,0,0,0,0,0,0,0,0,0
13851,0,1,0,0,0,0,1,1,0,0,0,0,0,1,1,0,0,0
138843,0,0,0,0,0,0,1,0,0,0,0,0,0,0,0,0,1,0
139038,0,0,0,1,0,0,0,1,0,0,0,0,0,0,0,0,0,0
139367,1,1,0,0,0,0,1,0,1,0,0,0,0,0,0,0,0,0
13944,1,0,0,0,1,0,1,0,0,0,0,0,0,0,0,0,0,0
139519,0,0,0,0,0,0,0,0,0,0,0,0,0,0,0,0,0,0
13956,0,0,0,0,0,0,0,0,0,0,0,0,0,0,0,0,1,0
13975,0,0,0,0,1,0,0,0,0,0,0,0,0,0,0,0,1,0
13995,1,0,0,0,0,0,1,0,0,0,0,0,0,0,1,0,0,0
14002,0,0,0,0,0,0,1,0,0,0,0,0,0,0,0,0,0,1
14003,0,1,0,0,0,0,0,0,0,0,0,0,0,1,0,0,0,0
14021,0,0,0,1,0,0,1,0,0,1,0,0,0,0,0,0,0,0
140212,0,0,0,1,0,0,0,0,0,1,1,0,0,0,0,0,0,0
14024,0,0,0,0,0,0,1,0,0,1,0,0,1,0,0,0,0,0
14028,1,0,0,0,0,0,1,0,0,0,0,0,0,0,1,0,0,0
14061,0,0,1,0,0,0,0,0,0,0,0,0,0,0,0,0,0,0
1407,0,0,0,1,0,0,1,0,0,0,0,0,0,0,0,0,0,0
14128,0,1,0,0,0,0,1,0,0,0,0,0,1,0,0,0,0,0
14148,1,1,0,0,0,0,1,0,0,0,0,0,0,0,0,0,1,0
1417,0,0,1,0,1,0,0,0,0,0,0,0,0,0,0,0,0,1
141819,0,0,0,0,0,0,1,1,0,1,0,0,1,0,0,0,0,0
14195,0,0,0,1,0,0,0,0,0,0,0,0,0,1,0,0,0,0
14207,0,0,0,0,0,0,1,0,0,0,0,0,0,0,0,0,1,0
142591,1,0,1,1,0,0,1,0,0,0,0,0,0,0,0,0,0,0
14283,0,0,0,0,0,0,1,0,0,0,0,0,0,0,0,0,0,0
14289,0,0,0,0,0,0,0,0,0,0,0,0,0,0,0,0,0,0
1430,0,0,0,0,0,0,0,0,0,0,0,1,1,1,0,0,0,0
14310,1,0,0,0,1,0,1,0,1,0,0,0,0,0,0,0,1,0
14365,0,0,0,0,1,0,1,0,0,0,0,0,0,0,0,0,0,0
1439,0,0,0,0,0,0,1,0,0,1,0,0,0,0,0,0,0,0
143928,1,0,0,0,1,0,1,1,0,0,0,0,0,0,1,0,0,0
14410,0,0,0,0,0,0,0,0,0,0,0,0,0,0,0,0,1,0
14451,0,0,0,0,0,0,1,0,0,0,0,0,0,1,0,0,0,0
14452,1,0,0,1,1,0,0,1,0,0,0,0,0,0,0,0,0,0
14453,1,0,0,1,0,0,1,1,0,0,0,0,0,1,1,0,1,0
145135,0,0,0,0,0,0,1,0,0,0,0,0,0,0,1,0,1,0
145220,0,0,0,1,0,0,1,1,0,0,0,0,0,0,0,0,0,0
14533,0,0,0,0,0,0,1,0,0,0,0,0,0,0,1,0,0,0
14543,0,0,0,1,0,0,0,1,0,0,0,0,0,0,1,0,0,0
146,1,0,0,0,0,0,1,0,0,0,0,0,0,0,0,0,1,0
146198,1,0,0,1,0,0,0,0,0,0,0,0,0,0,1,0,0,1
146203,0,0,0,0,0,0,1,0,0,0,1,0,1,0,0,0,0,0
146223,0,0,0,0,1,0,0,0,0,0,0,0,0,0,0,0,0,0
146229,0,0,0,0,0,0,0,1,0,0,0,0,0,1,0,0,0,0
14624,0,0,0,1,0,0,1,0,0,0,0,0,0,0,0,0,0,0
146301,0,0,1,0,0,0,1,0,0,0,0,0,0,0,0,0,0,0
14635,1,0,0,0,0,0,0,0,1,0,0,0,0,0,0,0,0,0
14636,1,0,0,0,1,0,0,0,0,0,0,0,0,0,0,0,0,0
146375,0,0,0,1,0,0,0,0,0,0,0,0,0,0,0,0,0,0
14711,0,1,0,1,0,0,0,0,0,0,0,0,0,0,0,0,0,0
14736,0,0,0,0,0,0,1,0,0,0,0,0,0,0,0,0,1,0
14746,0,1,1,0,1,0,1,0,0,0,0,0,0,1,1,0,0,0
147703,0,0,0,0,0,0,1,0,0,0,0,0,0,0,0,0,1,0
14784,1,0,0,0,0,0,1,0,0,0,0,0,0,1,0,0,0,0
14815,1,0,0,0,0,0,1,0,0,0,0,0,0,0,1,0,0,0
148811,0,0,0,0,0,0,1,0,1,0,0,0,0,1,0,0,1,1
14882,0,0,0,1,0,0,1,0,1,0,0,0,0,0,0,0,0,0
14913,1,0,0,0,1,0,0,0,0,0,0,0,0,0,0,0,0,0
14919,0,0,0,0,0,0,0,0,0,0,0,0,0,0,0,0,0,0
1492,0,0,1,0,0,0,0,0,0,0,0,1,0,1,1,0,1,1
14924,1,0,1,1,0,0,0,0,0,0,0,0,0,0,0,0,0,0
1493,0,0,0,1,0,0,0,0,0,0,0,1,0,0,0,0,0,0
14942,1,0,0,0,0,0,0,0,0,0,0,0,0,0,1,0,1,0
1495,0,1,0,0,0,0,1,0,1,0,0,0,0,1,0,0,0,0
149870,1,0,0,1,0,0,1,1,0,0,0,0,0,1,0,0,0,0
15003,1,0,0,0,0,0,1,0,1,0,0,0,0,0,0,0,0,0
15018,0,0,0,0,0,0,1,0,0,0,0,0,0,0,0,0,0,0
150213,0,1,0,0,0,0,0,1,0,0,0,0,0,0,0,0,0,0
150229,1,1,0,0,0,0,1,0,0,0,0,0,1,0,1,0,0,0
15049,1,0,0,0,0,0,0,0,1,0,0,0,0,0,0,0,0,0
150689,0,0,0,0,0,0,1,0,0,0,0,0,0,1,0,0,0,0
15121,0,1,1,0,0,1,1,0,0,0,0,0,0,0,0,0,0,0
15136,0,1,0,0,1,0,1,0,0,0,0,0,0,0,0,0,1,0
151478,0,0,0,0,0,0,1,1,0,0,0,0,0,0,0,0,0,0
15166,1,0,0,0,0,0,1,0,0,0,1,0,0,0,1,0,0,0
152044,0,0,0,0,0,0,1,0,0,0,0,0,0,0,0,0,0,0
152259,0,0,1,0,0,0,1,0,0,0,0,0,0,0,0,0,1,0
15239,0,0,0,1,0,0,1,0,0,0,0,0,0,1,0,0,0,0
152601,0,0,0,0,0,0,1,0,0,0,0,0,0,0,0,0,0,0
15265,0,0,0,0,0,0,1,0,0,0,0,0,0,0,0,1,0,0
152748,0,0,0,0,0,0,1,0,0,0,0,0,0,0,0,0,0,0
15283,0,0,0,1,0,0,0,0,0,0,0,0,0,0,0,0,0,0
15302,0,0,0,0,0,0,1,0,0,0,0,0,0,0,0,0,1,0
15314,1,0,0,1,0,0,1,0,1,0,0,0,0,0,0,0,0,0
1537,0,0,0,0,0,0,0,0,0,0,0,0,0,0,0,0,0,0
15379,0,0,0,0,0,0,0,0,0,0,0,1,0,0,0,0,0,0
15392,0,0,0,1,0,0,1,0,0,0,0,0,0,0,0,0,0,0
1547,0,0,0,1,0,0,1,0,0,0,0,0,0,0,0,0,1,0
15472,0,0,0,0,0,0,0,0,0,0,0,0,0,0,0,0,0,0
15487,0,0,0,1,0,0,1,0,0,0,0,0,0,0,0,0,0,0
155084,0,0,0,0,1,0,1,0,0,0,0,0,0,1,0,0,1,0
1554,1,1,0,0,0,0,0,0,0,0,0,0,0,0,0,0,0,0
15601,0,0,0,1,0,0,0,1,1,0,0,0,0,0,0,0,0,0
15618,1,0,0,0,1,0,0,0,0,0,0,0,0,0,0,0,1,0
1562,0,0,0,0,0,0,0,0,0,0,1,0,0,0,0,0,1,0
15641,0,1,0,0,0,0,0,0,0,0,0,0,0,0,0,0,1,0
15691,1,0,1,0,0,0,0,0,0,0,0,0,0,0,0,0,0,0
15697,0,0,0,0,1,0,0,0,0,0,0,0,0,1,0,0,0,0
1572,0,0,0,0,0,0,0,0,0,0,0,0,0,0,0,0,1,0
157293,1,1,0,0,0,0,1,0,0,0,0,0,0,1,0,0,0,0
1573,1,0,1,1,0,0,0,1,0,0,0,0,0,0,0,0,0,0
157544,0,0,0,0,0,0,1,0,0,0,0,0,0,0,0,0,1,1
15755,1,0,0,0,0,0,1,0,0,0,0,0,0,0,1,0,0,0
15765,0,0,0,1,0,0,1,0,0,0,0,0,0,0,0,0,0,0
157849,0,0,0,0,1,0,1,0,0,0,0,0,1,0,0,0,1,0
1580,1,0,0,0,1,0,1,0,0,0,0,0,0,0,0,0,1,0
158015,0,0,0,0,0,0,1,0,0,0,1,0,0,0,0,0,1,0
15805,0,1,0,1,0,0,0,1,0,0,0,0,0,0,1,0,0,0
15807,0,0,0,0,0,0,1,0,0,0,0,0,0,0,0,0,1,0
1585,0,0,0,1,1,0,1,1,0,0,0,0,0,1,0,0,1,0
1586,1,0,0,0,0,0,1,0,0,0,0,0,0,0,1,0,0,0
15860,1,1,0,0,0,0,0,0,0,0,0,0,0,0,0,0,0,0
15873,1,0,1,0,0,0,0,0,0,0,0,0,0,0,0,0,0,0
15877,0,1,0,0,0,0,1,0,0,0,0,0,0,0,1,0,0,0
158999,0,0,0,0,0,0,1,0,0,0,1,0,0,0,0,0,0,0
159092,1,0,0,0,0,0,1,0,0,0,0,0,0,0,0,0,0,0
159095,0,1,1,1,1,0,1,0,0,0,0,0,0,1,1,0,1,1
159117,1,0,0,0,1,0,0,0,0,0,1,0,0,0,1,0,0,0
159154,0,0,0,1,0,0,0,0,0,0,0,0,0,0,0,0,0,0
1592,0,0,0,1,0,0,1,0,0,0,0,0,0,0,0,0,0,0
15945,0,0,0,0,1,0,0,1,0,0,0,0,0,0,0,0,1,0
159622,0,0,0,0,0,0,1,0,0,0,0,0,0,0,1,0,0,0
159638,0,0,0,1,0,0,1,0,0,0,0,0,0,0,1,0,1,0
15983,0,0,0,0,0,0,1,0,0,0,1,0,1,0,0,0,0,0
15999,1,0,0,0,0,0,1,0,0,0,0,0,0,0,0,0,0,0
16028,1,0,0,0,0,0,1,0,0,0,0,0,0,0,0,0,1,0
160859,0,0,0,0,0,0,1,0,0,0,0,0,0,0,0,0,0,0
16113,0,1,0,0,0,0,0,1,0,0,0,0,0,0,0,0,0,0
16119,0,1,0,1,0,0,0,0,0,1,0,0,1,0,0,0,0,0
16133,0,0,0,0,0,0,1,1,0,0,0,0,0,0,0,0,0,0
16161,0,0,1,1,0,0,0,1,1,0,0,0,0,1,1,0,0,0
16225,0,0,0,1,0,0,1,0,0,0,0,0,0,0,0,0,0,0
16258,0,0,0,0,0,0,1,0,1,0,0,0,0,0,0,0,1,0
16311,1,0,0,0,1,0,1,0,0,0,0,0,0,0,0,0,1,0
16323,0,0,1,0,0,0,0,1,0,0,0,0,0,0,0,0,0,0
16335,0,0,0,1,1,0,0,0,0,0,0,0,0,0,0,0,0,0
16355,0,0,0,1,0,0,0,0,0,0,0,1,0,1,0,0,0,0
1636,1,0,0,1,0,0,0,1,0,0,0,0,0,0,0,0,0,0
16365,1,0,0,0,0,0,1,0,0,0,0,0,0,1,0,0,1,0
16379,1,0,1,1,0,0,1,0,0,0,0,0,0,0,0,0,1,0
163838,0,0,0,1,0,0,1,0,0,0,0,0,0,0,0,0,0,0
163959,0,0,0,1,0,0,0,0,0,0,0,0,0,1,0,0,0,0
164372,0,0,1,0,0,1,1,0,0,0,0,0,0,0,0,0,0,0
16440,0,1,0,0,0,0,1,0,0,0,0,0,0,0,0,0,1,0
1647,0,1,0,0,0,0,0,1,0,0,0,0,0,0,0,0,1,0
1649,0,0,0,1,1,0,1,1,0,1,1,0,0,0,1,0,0,0
1651,0,1,0,0,0,0,0,1,0,0,0,0,0,1,0,0,0,0
16520,0,0,0,1,0,0,0,0,0,0,0,0,0,0,0,0,0,0
165213,0,0,1,0,0,0,1,0,0,0,0,0,0,0,1,0,1,0
16523,1,0,0,0,1,0,1,0,0,0,0,0,0,0,1,0,0,0
1654,0,0,0,0,0,0,0,0,0,0,0,0,0,0,0,0,0,0
166076,1,0,0,0,1,0,0,0,0,0,0,0,0,0,0,0,0,0
16611,0,0,0,0,1,0,1,0,0,0,0,0,0,0,0,0,0,0
16620,0,0,0,0,0,0,0,1,0,0,1,0,0,0,1,0,0,0
166271,1,0,0,0,1,0,1,0,0,0,0,0,0,0,0,0,0,0
16646,0,0,0,1,0,0,0,0,0,0,1,0,0,1,0,0,0,0
16652,0,0,0,1,0,0,1,0,0,0,0,0,0,0,0,0,0,0
167032,0,0,0,1,0,0,1,0,0,0,0,0,0,0,0,0,0,0
16726,1,0,0,0,1,0,0,0,0,0,0,0,0,0,0,0,0,0
167313,0,0,0,0,0,0,1,0,0,0,0,0,0,0,0,0,0,0
167449,1,0,1,0,0,0,0,1,0,0,0,0,0,0,0,0,0,0
1677,0,0,0,0,0,0,0,0,0,0,0,0,0,0,0,0,0,0
16774,1,0,0,1,1,0,0,0,0,0,0,1,0,0,0,0,1,0
1678,1,0,0,1,0,0,1,0,0,0,0,0,0,1,1,0,0,0
168098,1,0,0,0,0,0,1,0,0,0,1,0,0,0,0,0,0,0
168399,0,0,0,0,0,0,1,0,1,0,0,0,0,0,1,0,1,0
16866,1,0,0,1,1,0,1,0,1,0,0,0,1,0,0,0,0,0
16871,0,0,0,1,0,0,0,0,1,0,0,0,0,0,0,0,1,0
1688,0,0,0,0,1,0,1,0,0,0,0,0,0,0,0,0,0,0
16907,1,0,0,0,1,0,1,0,0,0,0,0,0,0,0,0,0,0
16921,1,1,0,0,0,0,0,0,1,0,0,0,0,0,0,0,0,0
169219,1,0,0,0,0,0,1,0,0,0,0,0,0,0,0,0,0,0
16934,0,0,0,1,0,0,1,0,0,0,0,0,0,0,0,0,0,0
16969,0,0,0,1,0,0,1,0,0,0,0,0,0,0,0,0,0,0
169758,0,0,0,0,0,0,1,0,0,0,0,0,0,1,0,0,0,1
1698,0,1,0,0,0,0,0,0,0,1,0,0,0,0,0,0,0,0
169881,0,0,0,1,0,0,0,1,1,0,0,0,0,0,0,0,0,0
169917,0,0,0,0,0,0,0,0,0,0,0,0,0,0,0,0,0,0
16995,0,0,0,1,1,0,0,0,0,0,0,0,0,0,0,0,0,0
17,0,0,0,0,1,0,0,0,0,0,0,0,0,0,0,0,1,0
170,0,0,0,0,0,0,0,0,0,0,0,0,0,0,0,0,0,0
170039,0,1,0,0,0,0,0,0,0,0,0,0,0,0,0,0,0,0
1705,0,0,0,0,0,0,0,1,0,0,0,0,0,1,0,0,0,0
17101,0,0,0,0,0,0,0,0,0,0,0,0,0,0,0,0,1,0
171274,0,0,0,1,0,0,1,0,0,0,0,0,0,1,0,0,0,0
171372,0,1,0,1,0,0,0,0,0,0,0,0,0,0,0,0,0,0
17165,1,0,0,0,0,0,0,0,0,0,0,0,0,0,0,0,0,0
1722,1,1,0,0,0,0,1,0,0,0,0,0,0,0,0,0,0,1
17258,0,0,0,1,0,0,0,0,0,0,0,0,0,0,0,0,0,0
173210,0,0,0,1,0,0,0,0,0,0,0,0,0,1,0,0,0,0
17359,0,1,0,0,1,0,1,0,0,0,0,0,1,1,0,0,0,0
173928,1,0,0,0,1,0,1,0,0,0,0,0,0,0,0,0,1,0
17443,0,0,0,1,1,0,1,0,0,0,0,0,1,1,0,0,0,0
17455,1,0,0,0,0,0,1,0,0,0,0,0,0,0,0,0,1,0
17456,1,0,0,0,0,0,0,0,0,0,0,0,0,0,0,0,0,0
174682,0,0,0,0,1,0,1,0,0,0,0,0,0,0,1,0,1,0
17474,0,0,0,0,0,0,1,0,0,0,0,0,0,0,0,0,0,0
175,1,0,0,0,0,0,1,0,0,0,0,0,1,0,1,0,0,0
17606,0,1,0,1,0,0,0,0,0,0,0,0,0,0,0,0,0,0
176077,0,0,0,0,0,0,0,0,0,0,1,0,0,0,0,0,1,0
17661,0,1,0,0,0,0,1,0,0,1,1,0,0,1,1,0,0,0
17663,0,0,0,0,0,0,1,0,0,1,0,0,0,0,0,0,0,0
176915,0,0,0,0,0,0,0,0,0,0,0,0,0,0,0,0,0,0
17692,0,0,0,0,1,0,1,0,0,0,0,1,0,1,0,0,0,0
176983,1,0,0,0,1,0,0,1,0,0,0,0,0,0,0,0,0,0
177494,0,0,0,1,0,0,0,0,0,0,0,0,0,0,0,0,0,0
177699,0,0,0,0,0,0,0,0,0,0,0,0,0,0,0,0,0,0
1777,0,1,1,1,0,0,1,0,0,0,0,0,0,1,0,0,0,0
17774,1,0,0,0,0,0,1,0,0,0,0,0,0,0,0,0,1,0
17845,0,0,0,0,0,0,0,0,0,0,0,0,0,0,0,0,0,1
178751,0,0,0,0,0,0,1,0,0,0,0,0,0,0,0,0,0,0
179111,1,1,0,0,0,0,1,0,0,0,1,0,0,0,1,0,0,0
17922,0,0,0,0,0,0,1,0,0,0,1,0,0,0,0,0,0,0
17963,0,0,0,0,1,0,0,0,0,0,0,0,0,0,0,0,1,0
17965,0,0,0,1,0,0,0,0,0,1,1,0,0,0,0,0,1,0
179826,1,0,0,0,0,0,0,0,0,0,1,0,0,0,0,0,0,0
180305,0,0,0,0,0,0,1,0,1,0,1,0,0,0,0,0,1,0
180314,0,0,1,0,0,0,0,0,0,0,0,0,0,0,0,0,0,0
18032,0,1,1,0,0,0,0,1,1,0,0,0,0,0,0,0,0,0
18051,1,0,0,0,1,0,0,0,0,0,0,0,0,0,0,0,0,0
18074,0,0,0,1,1,0,1,1,0,0,0,0,0,1,0,0,0,0
1808,1,0,0,0,0,0,1,0,0,0,1,0,0,0,0,0,1,0
18086,0,0,0,1,1,0,0,1,1,0,0,0,0,0,1,0,0,0
180948,1,1,0,0,0,0,1,0,0,0,0,0,1,0,0,0,0,0
181886,0,1,0,1,0,1,0,0,0,0,1,0,0,0,0,0,1,0
18221,0,0,0,0,0,0,1,0,1,0,0,0,0,0,0,0,0,0
18229,1,0,0,1,0,0,0,0,0,0,0,0,0,0,0,0,0,0
18248,1,0,0,1,0,0,1,1,0,0,1,0,0,0,1,1,0,0
18250,0,0,0,0,1,0,0,0,0,0,0,0,1,1,0,0,1,0
183,0,0,0,0,0,0,0,1,1,0,1,1,0,0,0,0,0,0
183011,1,0,0,0,0,0,0,0,1,0,0,0,0,0,0,0,1,0
18331,0,0,0,1,0,0,1,0,0,0,0,0,0,0,0,0,1,1
184,0,0,0,0,1,0,0,0,0,0,0,0,1,1,0,0,0,0
184345,0,1,0,0,0,0,1,0,0,0,1,0,0,0,0,0,0,0
18533,0,0,0,1,0,0,1,0,0,1,0,0,0,0,0,0,0,0
185341,0,0,0,0,0,0,0,0,0,0,0,0,0,0,1,0,1,0
18535,0,0,0,1,0,0,0,0,0,0,0,0,0,0,0,0,0,0
1857,0,0,0,1,0,0,0,0,0,0,0,0,0,0,0,0,0,0
18570,0,0,0,1,0,0,1,0,0,0,0,0,0,1,0,0,0,0
186,1,0,0,0,0,0,0,0,0,0,0,0,0,0,0,0,0,0
18635,0,0,0,0,0,0,0,0,0,0,0,0,0,1,0,0,0,0
18643,0,0,0,1,0,0,0,0,0,0,0,0,0,0,0,0,0,0
186997,1,0,0,0,0,0,1,0,0,0,0,0,0,0,0,0,0,0
187017,1,0,0,1,1,0,1,1,0,0,0,0,0,0,0,0,0,0
18727,0,0,0,0,0,0,1,0,0,0,0,0,0,0,0,0,1,0
18759,0,0,0,0,0,0,0,0,0,0,1,0,0,0,0,0,0,1
18777,0,0,0,1,0,0,1,0,0,0,0,0,0,0,0,0,0,0
18781,0,0,0,0,0,0,0,0,0,0,0,0,0,0,0,0,1,0
1880,0,0,0,0,0,0,0,0,0,0,0,0,0,0,0,0,1,0
1884,0,1,0,0,0,0,0,0,0,0,0,0,0,0,0,0,0,0
18861,0,0,0,0,0,0,1,0,0,0,0,0,0,0,0,0,0,0
18890,1,0,0,1,0,0,1,0,1,0,0,0,0,0,0,0,0,0
18927,1,0,0,0,1,0,1,1,0,0,0,0,1,0,0,0,1,1
1904,0,0,0,0,1,0,1,0,0,0,0,0,0,0,1,0,0,0
19049,0,0,0,1,0,0,1,0,1,0,0,0,0,0,0,0,0,0
190847,1,0,0,0,1,0,0,0,0,0,0,0,0,0,1,0,1,0
190899,1,0,0,0,0,0,0,0,0,0,0,0,0,0,0,0,0,0
19101,0,0,1,0,0,0,1,0,0,0,0,0,0,1,0,0,0,0
191294,1,1,0,0,1,0,0,0,0,0,0,0,0,0,0,0,1,0
191502,0,0,0,1,0,0,1,0,0,0,0,0,0,0,0,0,0,0
191619,1,0,0,0,0,0,0,0,0,0,1,0,0,0,0,0,0,0
191720,0,0,0,0,0,1,1,1,0,0,0,0,0,0,1,0,1,0
19200,0,0,0,0,1,0,0,0,1,0,0,0,0,0,0,0,0,0
192133,0,0,0,0,0,0,1,0,0,0,0,0,0,1,0,0,0,0
192134,0,0,0,1,0,0,1,0,0,0,0,0,0,0,0,0,1,0
192141,0,0,0,0,0,0,0,0,0,0,1,0,0,0,0,0,1,0
192149,1,0,0,0,0,0,1,0,0,0,0,0,0,0,0,0,0,0
19223,0,0,0,0,0,0,0,1,0,0,0,0,0,0,0,0,1,0
1927,0,0,0,0,0,0,0,0,0,1,0,0,0,1,1,0,1,0
19288,0,0,0,1,1,0,0,0,0,0,0,0,0,0,0,0,1,0
192911,0,0,1,1,0,0,0,0,0,0,0,0,0,0,0,0,0,0
1931,0,0,0,1,1,0,0,0,0,0,0,0,0,0,0,0,1,0
19356,0,0,0,0,0,0,1,0,0,0,0,0,0,0,0,0,0,0
193717,1,1,0,0,0,0,1,0,0,0,0,0,0,0,1,0,0,1
1942,0,0,0,1,0,0,0,0,0,0,0,0,0,0,0,0,0,0
1949,0,0,0,0,0,0,0,0,0,0,0,0,0,0,0,0,0,0
19495,0,0,0,1,1,0,0,0,1,0,0,0,0,1,0,0,0,0
195423,0,0,0,1,1,0,1,1,0,0,0,0,0,0,0,0,0,0
195590,1,0,0,0,1,0,1,1,0,0,0,0,0,0,0,0,1,0
19592,0,0,0,0,0,0,0,0,0,0,1,0,0,0,0,0,0,0
19593,0,1,0,1,1,0,0,0,0,0,0,0,0,0,0,0,1,0
19601,0,0,0,0,0,0,1,0,0,0,0,0,0,0,0,0,0,0
196305,0,0,0,0,0,0,1,0,0,0,1,0,0,0,0,0,0,0
19664,0,0,0,0,0,0,0,0,1,0,0,0,0,0,0,0,0,0
1969,0,0,1,1,1,0,0,1,0,0,0,0,0,0,0,0,0,0
1970,1,0,0,1,0,0,0,0,0,0,1,1,0,0,0,0,0,0
197481,0,0,0,0,0,0,1,1,0,0,0,0,0,0,0,0,0,0
1975,1,0,0,0,0,0,0,0,1,0,0,0,0,0,1,0,0,0
1977,1,0,0,0,0,0,0,0,0,0,0,0,0,1,0,0,1,0
1978,0,0,0,0,0,0,1,1,0,0,0,0,0,0,0,0,0,0
198210,0,0,0,0,0,0,0,0,0,0,0,0,0,0,0,0,0,0
19904,0,0,0,1,0,0,1,0,0,0,0,0,0,1,0,0,0,1
19908,1,0,0,0,0,0,1,0,0,0,0,0,0,0,0,0,0,0
1991,1,0,0,0,0,0,0,0,0,0,1,0,0,0,0,0,1,0
199578,1,0,0,0,0,0,0,0,0,0,1,0,0,0,0,0,0,0
19994,1,0,0,0,0,0,0,0,0,0,0,0,0,0,1,0,0,0
2000,0,0,1,0,0,0,1,0,0,0,1,0,0,0,0,0,0,1
200085,1,0,0,0,0,0,0,0,0,0,0,0,0,0,0,0,0,0
2006,1,0,0,0,1,0,1,0,0,0,0,0,0,0,0,0,1,0
20126,1,0,0,0,0,0,0,0,1,0,0,0,1,1,0,0,0,0
201759,0,0,0,1,0,0,1,0,0,0,0,0,0,0,0,0,0,0
2019,0,0,0,1,0,0,0,1,1,0,0,0,0,0,0,0,1,0
202083,1,0,0,0,0,0,0,0,0,0,0,0,0,0,0,0,1,0
202220,0,0,1,1,1,0,1,0,0,0,0,0,0,0,0,0,0,0
2026,0,0,0,0,0,0,0,0,0,0,0,0,0,0,0,0,1,0
20312,0,0,0,0,0,0,0,0,0,0,0,0,0,0,0,0,0,0
20329,0,0,1,0,0,0,0,0,0,0,0,0,0,1,1,0,0,0
20381,0,0,0,0,1,0,1,0,0,0,0,0,0,0,0,0,0,0
203819,1,0,0,0,0,0,0,0,0,0,0,0,0,0,0,0,0,0
203834,0,1,0,0,0,0,0,0,0,0,1,0,0,0,0,0,1,0
203835,0,0,0,0,0,0,1,0,1,0,1,0,0,0,0,0,0,0
204082,0,0,0,0,0,0,1,0,0,0,1,0,0,0,0,0,0,0
20416,0,0,0,0,0,0,1,0,0,0,0,0,1,0,0,0,0,0
204349,1,0,0,0,0,0,0,0,1,0,0,0,0,0,0,0,1,0
204436,0,0,0,1,0,0,1,1,0,0,0,0,0,1,0,0,0,0
2048,0,1,0,0,0,0,0,0,0,0,0,0,0,0,0,0,1,0
20483,1,0,0,1,0,0,0,0,0,0,0,0,0,0,0,0,0,0
204922,0,0,0,0,1,0,0,0,1,0,0,0,0,0,0,0,1,0
205022,0,1,0,0,1,0,1,0,0,0,0,0,0,0,1,0,1,0
20536,0,0,0,0,0,0,0,0,0,0,0,0,0,0,0,0,0,0
205588,0,0,0,0,0,0,1,0,0,0,0,0,0,0,0,0,1,0
2057,0,1,0,1,0,0,0,0,0,0,0,0,0,0,0,0,0,0
2059,0,0,0,1,0,0,0,0,0,0,0,0,0,0,0,0,0,0
206213,1,0,0,0,0,0,0,0,0,0,1,0,0,0,1,0,0,0
206349,0,0,0,0,0,0,1,1,0,0,0,0,0,1,0,0,1,0
20637,1,0,0,0,1,0,0,0,1,0,0,0,0,0,0,0,1,0
20638,0,0,0,0,0,0,0,0,0,0,0,0,0,0,0,0,0,0
20663,0,0,0,1,0,0,0,0,0,0,0,0,0,1,0,0,0,0
20682,0,0,0,1,1,0,1,0,0,0,0,0,0,0,0,0,0,0
20701,0,0,0,1,0,0,0,0,0,0,0,0,0,0,0,0,0,1
207270,1,0,0,0,1,0,0,0,0,0,1,0,0,0,0,0,0,0
20766,0,0,0,0,0,0,0,0,0,0,1,0,0,0,0,0,0,0
207932,0,0,0,0,0,0,1,0,0,0,0,0,0,1,1,0,0,0
207933,0,0,0,0,0,0,1,0,0,0,0,0,0,0,0,0,1,0
20794,0,0,0,0,0,0,0,0,1,0,0,0,0,0,0,0,1,0
2084,0,0,0,0,0,0,1,0,0,0,0,0,0,0,0,0,1,0
208430,0,0,0,0,0,0,1,0,0,0,0,0,0,0,0,0,0,0
20856,1,0,0,1,0,0,0,0,0,0,0,0,1,0,0,0,0,0
20874,0,0,0,1,0,0,0,1,1,0,0,0,0,0,1,0,1,0
208763,1,0,0,0,0,0,0,0,0,1,0,0,0,0,0,0,0,0
20880,0,0,0,0,1,0,1,0,1,0,1,0,0,0,0,0,0,0
209361,0,0,0,0,0,0,1,0,0,0,0,0,0,0,0,0,0,0
209451,0,0,0,0,0,0,1,0,0,0,0,0,0,1,0,0,1,0
210911,0,0,0,0,0,0,1,0,0,0,0,0,0,0,0,0,1,0
210947,0,0,0,0,0,0,0,0,0,0,0,0,0,0,0,0,0,0
211067,0,0,0,0,0,0,0,0,0,1,0,0,0,0,0,0,0,0
21156,1,0,0,0,0,0,1,0,0,0,0,0,0,0,0,0,0,1
211798,0,0,0,1,1,0,1,1,0,0,0,0,0,0,0,0,0,0
2118,0,0,0,0,0,0,1,0,0,0,0,0,0,0,0,0,0,0
21208,0,0,0,0,0,0,1,0,0,0,0,0,0,0,0,0,0,0
212162,0,0,0,0,0,0,1,0,0,0,0,0,0,1,0,0,0,0
2122,1,0,0,0,0,0,0,0,0,0,0,0,0,1,0,0,0,0
213,0,0,0,0,0,0,1,0,0,0,0,0,0,0,0,0,0,0
21323,0,0,0,0,0,0,1,0,0,0,0,0,0,0,1,0,0,0
21407,0,0,0,0,0,0,0,0,1,0,0,0,0,0,0,0,0,0
2142,0,1,0,0,0,0,0,1,0,0,0,0,0,0,0,0,0,0
214314,0,0,0,0,0,0,1,0,0,0,0,0,0,1,0,0,0,0
2144,0,0,0,0,0,0,1,1,0,0,0,0,0,0,0,0,1,0
214597,0,0,0,0,0,0,0,0,0,0,0,0,0,0,0,0,1,0
214761,0,0,0,0,0,0,0,0,0,0,0,0,1,0,0,0,1,0
214910,0,0,0,0,0,0,1,0,0,0,0,0,0,0,0,0,0,0
215379,1,0,0,0,0,0,0,0,0,0,0,0,0,0,0,0,0,0
215423,0,0,0,0,0,0,1,0,0,0,0,0,0,1,0,0,0,0
2155,0,0,0,0,1,0,0,0,1,0,0,0,0,1,0,0,0,0
215830,1,0,0,0,0,0,0,0,1,0,0,0,0,0,0,0,1,0
21597,0,0,0,1,0,0,0,0,1,0,0,0,0,0,0,0,0,0
216282,1,0,0,0,0,0,1,0,0,0,1,0,0,0,0,0,0,0
21634,0,1,0,0,0,0,0,0,0,0,0,0,0,1,0,0,0,0
216541,0,0,0,1,1,0,0,0,0,0,0,0,0,0,0,0,0,0
21683,0,1,0,0,0,0,0,1,1,0,0,0,0,0,0,0,0,0
217057,0,1,0,0,0,0,0,1,0,0,0,0,0,0,0,0,0,0
21765,1,1,0,1,0,0,0,0,0,0,0,0,0,0,0,0,0,0
217993,0,0,0,0,0,0,1,1,0,0,0,0,0,0,0,0,1,0
218329,1,1,0,0,1,0,0,0,0,0,0,0,0,0,0,0,1,0
218425,1,0,0,0,0,0,1,0,1,0,0,0,1,0,0,0,1,0
21866,0,0,0,1,0,0,1,0,1,0,0,0,0,1,0,0,0,0
21873,0,0,0,1,0,0,0,0,0,0,0,0,0,0,0,0,0,0
220286,0,0,1,1,0,0,1,0,0,0,0,0,0,0,0,0,0,0
220471,0,0,0,0,0,0,1,0,0,0,1,0,0,0,0,0,0,0
2207,0,0,0,0,1,0,1,0,0,0,0,0,0,0,0,0,0,0
22135,1,0,0,0,1,0,0,0,0,0,1,0,0,0,0,0,0,0
221800,0,0,0,1,0,0,1,0,0,0,0,0,0,0,0,0,0,0
222216,0,0,0,0,0,0,0,0,0,1,1,0,0,0,0,0,1,0
222461,0,0,0,0,0,0,1,0,0,0,0,0,0,0,1,0,1,0
222911,0,0,0,0,0,0,1,0,0,0,0,0,0,0,0,0,0,0
223899,0,0,0,0,0,0,0,0,0,0,0,0,0,0,0,0,1,0
224141,0,0,0,0,0,0,1,1,0,0,0,0,0,0,1,0,0,0
22476,1,0,1,1,1,0,0,0,0,0,0,0,0,0,0,0,0,0
22494,0,0,0,1,0,0,1,0,0,0,0,0,0,0,0,0,0,0
224950,0,0,1,0,0,0,1,0,0,0,0,0,0,0,0,0,1,0
224972,0,0,0,0,0,0,0,0,0,0,0,0,1,1,0,0,1,0
225044,0,0,0,0,0,0,0,0,0,0,0,0,0,0,0,0,0,0
22586,1,1,1,1,0,0,0,0,0,0,0,0,0,1,0,0,0,1
226448,0,0,0,0,0,0,1,0,0,0,0,0,0,0,0,0,1,0
22660,0,1,0,0,0,0,1,0,0,0,0,0,0,1,1,0,0,0
2270,0,0,0,0,0,0,1,0,1,0,0,0,1,0,0,0,0,0
227229,1,0,0,0,0,0,0,0,0,0,0,0,1,0,0,0,1,0
22733,0,0,0,0,0,0,1,0,0,0,0,0,0,0,1,0,1,1
227348,0,0,0,0,1,1,1,0,0,0,0,0,0,0,1,0,0,0
2275,0,0,0,0,0,0,1,0,0,0,0,0,0,0,0,0,1,0
227679,1,0,0,1,0,0,0,0,0,0,0,0,0,0,1,0,0,0
227707,0,0,0,0,0,0,1,0,0,0,0,0,0,0,0,0,1,0
227735,0,1,0,0,1,0,1,0,0,0,0,0,0,0,0,0,0,0
227738,1,0,1,0,0,0,0,0,0,0,0,0,0,0,1,0,0,0
228152,0,0,0,0,0,0,1,0,0,0,0,0,0,0,0,0,0,0
228326,0,0,0,0,1,0,1,1,0,0,0,0,0,0,0,0,0,0
228358,0,0,0,0,0,0,0,0,0,0,0,0,1,0,1,0,0,0
22855,1,0,0,1,1,0,1,0,0,0,0,0,0,0,1,0,1,0
22871,0,0,0,0,0,0,1,0,0,1,0,0,0,0,0,0,0,0
2289,0,0,0,0,0,0,1,1,0,0,0,0,0,0,0,0,0,0
229182,0,0,0,0,0,0,0,0,0,0,0,0,0,0,1,0,1,0
22972,0,0,0,0,1,0,1,0,0,0,0,0,0,0,0,0,0,0
229839,0,0,1,0,0,0,1,0,0,1,0,0,0,0,1,0,0,1
230222,0,0,0,0,0,0,0,0,0,0,0,0,0,0,0,0,1,0
23056,0,0,0,0,0,0,1,1,0,0,0,0,0,0,0,0,0,0
230714,0,0,0,0,0,0,0,0,0,0,0,0,0,0,0,0,0,0
23082,0,0,0,1,0,0,0,0,0,0,0,0,0,0,0,0,0,0
230896,0,0,0,0,0,0,1,0,0,0,1,0,0,0,0,0,1,0
2309,0,0,1,0,0,0,0,1,0,0,0,0,0,0,1,0,0,0
23097,0,0,0,0,1,0,1,0,0,0,0,0,0,0,0,0,0,1
2310,1,0,0,0,0,0,1,0,0,0,0,0,0,0,0,0,1,0
23128,1,0,0,0,0,0,0,0,0,0,0,0,0,1,0,0,0,0
232,0,0,0,1,0,0,0,0,0,0,0,0,1,0,1,0,1,0
23202,0,0,0,0,0,0,0,0,0,0,0,0,0,0,0,0,0,0
2322,0,0,0,0,1,0,1,0,0,0,0,0,0,0,0,0,1,0
2330,0,0,0,1,1,0,0,1,0,0,0,0,0,0,0,0,0,0
2332,0,0,0,0,0,0,1,0,1,0,0,0,0,0,1,0,0,0
233470,0,0,0,0,1,0,0,0,0,0,0,0,0,0,0,0,1,0
233490,0,0,0,0,0,0,1,0,0,0,0,0,0,0,0,0,0,0
23367,0,0,0,0,0,0,0,0,0,0,0,0,0,0,0,0,0,0
234004,0,0,1,1,0,0,0,0,0,0,0,0,0,0,0,0,0,0
23410,0,0,0,0,0,0,1,0,0,0,0,0,0,1,0,0,1,0
234212,0,0,0,0,0,0,0,0,0,0,0,0,1,0,0,0,0,0
23437,1,0,0,0,0,0,0,0,0,0,0,0,0,0,0,0,0,0
235046,0,0,0,0,1,0,1,0,0,0,0,0,0,1,0,0,1,0
2359,0,0,0,1,0,0,0,0,0,0,0,0,0,0,0,0,0,0
235984,0,0,0,0,0,0,1,0,1,0,0,0,0,0,0,0,0,0
236735,0,0,0,0,0,0,1,0,0,0,0,0,0,0,0,0,0,0
23685,0,0,0,0,0,0,0,1,0,0,0,0,0,0,1,0,0,0
2370,0,1,0,1,0,0,1,0,0,0,0,0,0,0,0,0,0,0
23742,0,0,0,1,0,0,0,0,0,0,0,0,0,0,0,0,0,0
237584,0,0,0,0,0,0,1,0,1,0,1,0,0,0,0,0,0,0
237756,1,0,0,0,0,0,0,0,0,1,0,0,0,0,0,0,1,0
23823,0,1,0,0,0,0,1,0,0,0,0,0,0,0,0,0,0,0
238589,1,0,0,0,1,0,1,0,0,0,0,0,0,0,0,0,0,0
238636,0,0,0,0,0,0,0,0,1,0,1,0,0,0,0,0,1,0
238713,1,0,0,0,0,0,0,0,0,0,0,0,0,0,0,0,0,0
239523,0,0,0,0,0,0,1,0,0,0,0,0,0,0,0,0,0,0
239566,0,0,0,1,0,0,0,0,0,0,0,0,0,0,0,0,0,0
240832,0,0,0,0,0,0,0,0,1,0,0,0,0,0,0,0,1,0
241251,0,0,0,0,0,0,1,0,0,0,0,0,0,0,0,0,1,0
241254,1,1,0,0,1,0,0,0,0,0,0,0,0,0,0,0,1,0
241257,1,0,0,1,1,0,1,0,0,1,1,0,0,0,0,0,1,0
241259,0,1,0,0,0,0,0,1,0,0,0,0,0,0,0,0,0,0
24135,1,1,0,0,1,0,1,0,0,0,0,0,0,0,0,0,0,0
241848,0,0,0,0,0,0,1,0,0,0,1,0,0,0,1,0,0,0
241855,0,0,0,0,0,0,1,0,0,0,0,0,0,0,0,0,0,0
242166,1,0,0,0,0,0,0,0,0,0,0,0,0,0,0,0,1,1
242454,1,1,0,0,0,0,1,0,0,0,1,0,0,0,1,0,0,0
243683,1,0,0,0,0,0,0,0,0,0,1,0,0,0,1,0,0,0
243688,0,0,0,0,0,0,0,0,1,0,1,0,0,0,1,0,0,0
243940,0,0,0,0,0,0,1,0,1,0,0,0,0,0,0,0,0,0
244,0,0,0,0,0,0,1,0,0,1,0,0,0,0,0,0,0,0
244403,0,0,0,0,0,0,1,0,0,0,0,0,0,1,0,0,0,0
244580,0,0,1,1,0,0,1,0,0,0,0,0,0,0,0,0,0,0
244610,0,0,0,0,0,0,0,0,0,0,0,0,0,0,0,0,0,0
2454,1,0,0,0,0,0,1,0,1,0,1,0,0,0,1,0,0,0
2455,0,0,0,0,1,0,0,0,0,0,0,0,0,0,0,0,0,1
24559,0,0,0,0,0,0,0,0,0,0,0,0,0,0,0,0,0,1
245627,1,0,0,0,0,0,1,0,0,0,0,0,0,0,0,0,0,0
245916,1,0,0,1,0,0,1,0,0,0,0,0,0,0,0,0,1,0
246403,0,0,0,0,1,0,0,0,0,0,0,0,0,0,0,0,0,0
246741,0,0,0,0,0,0,1,0,0,0,0,0,0,0,1,0,0,0
2469,0,0,0,1,1,0,0,0,0,0,0,0,0,0,0,0,0,0
24696,0,0,0,1,0,0,1,1,0,0,0,0,0,0,0,0,0,0
24739,0,0,0,1,0,1,1,1,0,0,0,0,0,0,0,0,0,0
24750,0,0,0,0,0,0,1,0,0,0,1,0,0,0,0,0,0,1
24752,1,0,0,0,0,0,1,0,0,0,0,0,0,0,0,0,0,0
248504,0,1,0,0,0,0,0,0,1,0,1,0,0,1,1,0,0,0
24929,1,0,0,1,0,0,1,0,0,0,0,0,0,0,0,0,0,0
24935,0,0,0,0,1,0,0,0,0,0,0,0,0,0,0,0,1,0
24939,1,1,0,0,0,0,0,0,1,0,0,0,0,0,0,0,0,0
2501,0,0,0,0,0,0,0,0,0,0,0,0,0,0,0,0,1,0
25018,0,0,0,0,0,0,1,0,0,0,0,0,0,1,0,0,0,0
2503,1,0,0,0,1,0,0,0,0,0,0,0,0,0,1,0,0,0
25050,0,0,1,0,0,0,1,0,0,0,0,0,0,0,0,0,0,0
250658,0,0,0,1,0,0,0,0,1,0,0,0,0,0,0,0,1,0
250766,1,0,0,0,0,0,1,0,0,0,0,0,0,0,0,1,0,0
250802,0,0,0,0,0,0,0,0,0,0,1,0,0,0,0,0,0,0
251519,1,1,1,0,0,0,0,0,0,0,0,0,0,0,0,0,0,0
251577,1,0,0,0,0,0,0,0,1,0,0,0,0,0,0,0,1,0
251852,1,1,0,0,0,0,0,0,0,0,0,0,0,1,1,0,0,0
25196,0,0,0,1,0,0,1,0,0,0,0,0,0,1,0,0,0,0
251979,0,0,1,1,0,0,1,0,0,0,0,0,0,0,0,0,1,0
252,0,0,0,1,0,0,1,0,0,0,0,0,0,0,0,0,1,0
252151,0,0,0,0,0,0,0,0,0,0,0,0,0,0,0,0,1,0
252171,0,0,1,0,1,0,0,0,0,0,0,0,0,1,0,0,1,0
252512,0,0,0,1,0,0,1,0,0,0,0,0,0,0,0,0,0,0
252529,0,1,0,0,0,0,0,0,0,0,1,0,0,0,0,0,0,1
25264,1,0,1,1,0,0,1,0,0,0,0,0,0,1,0,0,0,0
25300,0,0,1,0,0,0,0,0,0,0,0,0,0,1,1,0,1,1
253406,0,0,0,0,0,0,1,0,0,0,0,0,0,0,0,0,0,0
253412,0,0,0,0,1,0,0,0,0,0,1,0,0,0,0,0,1,0
254559,0,0,0,0,0,0,0,0,0,0,0,0,1,0,0,0,1,0
25497,0,0,0,0,0,0,1,0,0,0,0,0,1,1,1,0,0,0
255278,0,0,0,0,1,0,0,0,0,0,0,0,1,0,0,0,1,0
25528,0,1,0,0,0,0,1,0,0,0,0,0,0,0,0,0,1,0
255798,0,0,0,1,0,0,0,0,0,0,0,0,0,0,0,0,0,0
256040,0,0,0,0,0,0,1,0,0,0,1,0,0,0,0,0,1,0
256092,0,0,0,0,0,0,0,0,0,0,0,0,0,1,0,0,0,0
256274,0,0,0,0,0,0,1,0,0,0,0,0,0,0,0,0,0,0
256311,0,1,0,0,1,0,0,0,0,0,0,0,0,0,0,0,1,0
256347,1,0,0,0,0,0,1,0,0,0,0,0,0,0,0,0,0,0
25646,1,0,0,0,0,0,1,0,0,0,0,0,0,1,1,0,0,0
256561,1,0,0,0,0,0,1,0,0,0,0,0,0,0,0,0,0,0
256591,0,0,0,1,0,0,0,0,0,0,0,0,0,0,0,0,0,0
256731,1,0,0,0,0,0,1,0,0,0,1,0,0,0,0,0,1,0
256924,0,0,0,1,0,0,1,0,0,0,0,0,0,0,0,0,0,0
257093,0,0,0,0,0,0,1,0,0,0,1,0,0,0,0,0,1,0
257345,0,0,0,0,0,0,1,0,0,0,1,0,1,0,0,0,1,0
257648,1,1,0,0,0,0,1,0,0,0,1,0,0,0,1,0,1,0
258193,1,0,0,0,0,0,1,0,0,0,0,0,0,0,0,0,1,0
258284,1,0,0,0,0,0,1,0,0,0,0,0,0,0,0,0,0,0
259074,0,0,1,0,0,0,0,0,0,0,0,0,0,0,0,0,0,0
259316,0,0,0,0,0,0,1,0,0,0,0,0,0,0,0,0,0,1
259693,0,0,0,0,0,0,1,0,0,0,0,0,1,0,0,0,1,0
260,1,0,1,1,0,0,0,0,0,0,0,0,0,0,0,0,0,0
260202,1,0,0,0,0,0,1,0,0,0,1,0,1,1,0,0,0,1
260211,0,1,1,0,0,0,0,1,0,0,0,0,0,0,1,0,0,0
260339,0,0,0,0,0,0,0,0,0,0,0,0,0,1,0,0,0,0
260346,0,0,0,0,0,0,0,0,0,0,0,0,0,0,0,0,0,0
2605,0,1,0,0,0,0,0,0,0,0,0,0,0,0,0,0,0,0
26114,0,0,0,0,0,0,1,0,0,0,0,1,0,0,0,0,0,0
26180,0,0,0,1,0,0,0,0,0,0,0,0,0,0,0,0,1,0
2619,0,0,0,0,0,0,1,0,0,0,0,0,0,0,0,0,0,0
262169,0,0,0,0,0,0,0,0,0,0,0,0,0,1,0,0,0,0
262436,0,0,0,0,1,0,0,0,0,0,0,0,0,0,0,0,0,0
262492,0,1,0,0,0,0,1,0,0,0,0,0,0,0,1,0,0,0
26263,1,0,0,1,1,0,0,0,1,0,0,0,0,0,0,0,0,1
263115,0,1,0,0,0,0,1,0,0,0,1,0,0,1,0,0,0,0
26337,0,0,0,1,0,0,0,0,0,0,0,0,0,0,0,0,0,0
2636,1,0,0,1,0,0,0,0,0,0,0,0,0,0,0,0,0,0
26428,0,1,0,0,1,0,0,0,0,0,0,0,0,0,0,0,0,0
264419,0,0,0,1,0,0,1,1,0,0,0,0,0,0,0,0,0,0
26480,0,1,0,1,1,0,1,0,0,0,1,0,0,0,0,0,0,0
264999,1,1,0,0,0,0,0,0,0,0,0,0,0,0,1,0,0,0
265010,1,0,0,0,0,0,0,0,0,0,1,0,0,0,0,0,0,0
265195,0,0,0,1,0,0,1,0,0,0,0,0,0,0,0,0,0,0
265297,0,0,0,0,0,0,0,1,0,0,0,0,0,1,0,0,0,0
26564,0,0,0,1,0,0,1,0,0,0,0,0,0,1,0,0,0,0
265851,0,1,0,0,0,0,0,0,0,1,1,0,0,0,1,0,0,0
26594,0,1,0,0,1,0,0,0,0,0,0,0,0,1,0,0,0,1
266396,1,0,0,0,0,0,1,0,0,0,0,0,1,0,0,0,1,0
266647,0,0,0,0,0,0,0,0,0,0,0,0,1,0,0,0,0,0
266718,0,0,0,1,0,0,1,0,0,0,0,0,0,1,0,0,0,0
26690,0,0,0,1,0,0,1,0,0,0,1,0,0,0,1,0,0,0
26719,0,0,0,1,0,0,0,0,0,0,0,0,1,1,0,0,0,0
26725,1,0,0,0,0,0,1,0,0,0,0,0,0,0,0,0,1,0
26736,0,0,1,1,0,0,0,0,0,0,0,0,0,1,0,0,0,0
267458,1,0,0,0,0,0,1,0,0,0,1,0,1,0,0,0,1,0
267467,0,0,0,1,0,0,1,0,0,0,0,0,0,0,0,0,0,0
26773,0,0,0,0,0,0,0,0,0,0,0,0,0,0,0,0,0,0
267806,0,0,0,0,1,0,1,1,0,0,0,0,1,0,0,0,0,0
267935,0,0,0,0,0,0,1,0,0,0,0,0,0,0,0,0,0,0
26865,0,0,0,0,0,0,1,0,0,0,0,0,0,0,0,0,0,0
268689,0,0,0,0,0,0,1,0,0,0,0,0,0,0,1,0,0,0
268920,0,0,0,1,0,0,0,0,0,0,0,0,0,0,0,0,0,0
269437,0,0,0,0,0,0,0,0,1,0,0,0,0,1,0,0,0,0
27,0,0,0,0,0,0,1,0,0,0,0,0,0,0,0,0,0,0
27004,0,0,0,0,0,0,0,0,0,0,0,0,0,0,0,0,0,0
27022,0,1,0,0,1,0,0,0,0,0,0,0,0,0,0,0,0,0
270303,1,0,0,0,0,0,1,1,0,0,0,0,0,0,1,0,0,0
270487,0,0,0,0,0,0,0,0,0,0,0,0,0,0,0,0,0,0
27092,0,1,0,1,0,0,0,0,0,0,0,0,0,0,0,0,1,0
271164,0,0,0,0,0,0,1,0,0,0,0,0,0,1,0,0,0,0
271404,1,1,1,0,0,0,1,0,0,0,0,0,0,0,0,0,0,1
271665,0,0,0,0,1,0,1,0,0,0,0,0,1,0,0,1,0,0
272,0,0,0,0,0,0,0,0,0,0,0,0,1,1,0,0,1,0
27214,0,0,0,1,1,1,1,1,1,0,1,0,0,1,0,0,1,0
27297,0,0,0,0,0,0,0,0,0,0,0,0,0,0,0,0,0,0
273477,0,0,0,0,0,0,0,0,0,0,0,0,1,0,0,0,1,0
273511,0,1,0,0,0,0,0,0,0,0,0,0,0,0,0,0,0,0
273856,0,0,0,0,0,0,1,0,0,0,0,0,0,0,0,0,1,0
27460,0,1,1,0,0,0,1,0,0,0,0,0,0,0,0,0,1,1
274862,0,0,0,0,0,0,1,0,0,0,0,1,0,0,1,0,0,0
274870,1,0,0,0,0,0,1,0,0,0,0,0,0,1,0,0,1,0
275601,0,0,1,0,0,0,1,0,0,0,0,0,0,0,0,0,0,0
2757,0,0,0,0,0,0,1,1,0,0,0,0,0,0,0,0,0,0
27576,0,0,0,1,1,0,1,0,0,0,0,0,0,0,1,0,0,0
27581,0,0,0,1,0,0,0,0,0,0,0,0,0,0,0,0,0,0
27586,1,0,0,1,0,0,1,0,0,0,0,0,0,0,0,0,1,0
2761,0,0,0,0,0,0,0,0,0,0,0,0,0,0,0,0,0,1
276488,0,0,0,0,0,0,0,0,0,0,0,0,1,0,0,0,0,0
276902,1,0,0,0,1,0,1,1,0,0,0,0,0,0,0,0,1,0
276908,1,0,0,0,0,0,1,0,0,0,0,0,0,0,0,0,0,0
277216,0,0,0,0,0,0,1,0,0,0,0,0,0,0,0,0,0,0
27723,0,0,0,0,0,0,0,1,0,0,0,0,0,1,0,0,0,0
277355,1,0,0,0,0,0,0,1,0,0,0,0,0,0,0,0,0,0
277685,0,0,0,0,0,0,0,0,0,0,1,0,0,0,0,0,0,0
277778,0,0,0,0,0,0,1,0,0,0,0,0,0,0,0,0,0,0
27793,0,1,0,1,0,0,1,1,1,0,0,0,0,0,0,0,1,0
278334,0,0,0,0,1,0,0,0,0,0,0,0,0,0,1,0,1,0
278468,1,0,0,0,0,0,1,0,0,0,0,0,0,1,0,0,1,0
2789,1,0,0,0,0,0,0,0,0,0,0,0,0,0,0,0,0,0
279229,0,0,0,0,0,0,0,0,0,0,0,0,0,0,0,0,0,0
27936,0,0,0,1,0,0,0,0,0,0,0,0,0,0,0,0,0,0
279914,0,0,0,0,1,0,1,0,0,0,0,0,0,0,0,0,0,0
279968,0,0,0,0,0,0,1,0,0,0,0,0,0,0,0,0,0,0
280000,1,0,1,0,0,0,0,0,0,0,0,0,0,0,1,0,0,0
280002,1,1,0,0,1,0,0,0,1,0,0,0,0,0,0,0,1,0
28054,0,0,0,1,0,0,0,0,1,0,0,0,0,0,0,0,1,0
281,0,0,0,1,0,0,0,0,0,0,0,0,0,0,0,0,0,0
281298,0,0,1,1,0,0,0,0,0,0,0,0,0,0,1,0,0,0
28162,0,0,0,0,1,0,1,0,1,0,1,0,0,0,0,0,0,0
28178,0,0,0,0,0,0,1,1,0,0,0,0,0,0,0,0,1,0
282297,0,0,0,0,0,0,1,0,0,0,0,0,0,0,0,0,1,0
282631,1,1,0,0,0,0,1,0,0,0,0,0,0,0,0,0,0,0
28308,0,0,0,0,0,0,0,0,0,0,1,0,0,0,0,0,1,1
283161,0,0,0,1,0,0,1,0,0,0,0,0,0,1,1,0,0,0
2832,0,0,0,0,0,0,1,0,0,0,0,0,0,0,0,0,0,0
283366,1,0,0,0,0,0,0,0,1,0,0,0,1,0,0,0,0,0
283384,0,0,0,0,1,0,1,0,0,0,0,0,0,0,1,0,0,0
28355,1,0,0,0,0,0,1,0,0,0,0,0,0,0,1,0,1,1
283596,0,0,0,1,0,0,0,0,0,0,0,0,0,0,1,0,0,0
283686,1,1,0,0,0,0,1,0,0,0,0,0,0,0,0,0,0,0
28422,0,0,0,0,0,0,1,0,0,0,0,0,0,1,0,0,0,0
284289,0,1,0,0,1,0,1,0,0,0,1,0,0,0,0,0,1,1
284427,0,1,0,0,0,0,0,0,0,0,0,0,0,1,1,0,1,0
284460,0,0,0,0,0,0,1,0,0,0,0,0,0,0,0,0,1,0
284470,0,0,0,0,0,0,1,0,0,0,0,0,0,0,0,0,0,0
284564,0,0,0,0,0,0,1,0,0,0,1,0,0,0,0,0,0,0
28609,1,0,1,0,0,0,0,0,0,0,0,0,0,0,0,0,0,0
286256,0,0,0,1,0,0,1,0,1,0,0,1,0,0,0,0,0,0
286258,0,0,0,0,0,0,1,0,0,0,0,0,0,0,0,0,0,0
28638,0,0,0,1,1,0,1,0,0,0,0,0,1,0,1,0,0,0
286519,0,0,0,0,0,0,0,0,1,0,0,0,0,1,1,0,0,0
286654,1,0,0,0,0,0,1,0,0,0,1,0,0,0,0,0,1,0
286657,1,1,0,0,0,0,1,0,1,0,0,0,0,0,0,0,0,0
286709,1,0,0,1,1,0,0,0,0,0,0,0,1,0,0,0,1,0
287084,0,0,0,0,0,0,1,0,1,0,0,1,0,0,0,0,1,0
287525,1,0,1,0,0,0,1,0,0,0,1,0,0,0,1,0,0,0
287663,0,0,0,0,1,0,1,0,0,0,0,0,0,0,0,0,1,0
288281,0,0,0,0,0,0,1,0,0,0,0,0,0,0,0,0,1,0
28874,0,0,0,1,0,0,0,0,0,0,0,0,0,1,0,0,0,0
289269,1,1,0,0,1,0,0,0,0,0,0,0,0,0,1,0,1,0
290504,0,1,0,0,0,0,1,0,0,0,0,0,0,0,0,0,1,0
290512,0,0,0,0,0,0,1,0,0,0,0,0,0,0,0,1,0,0
290555,0,0,0,1,0,0,0,0,0,0,0,0,0,0,0,0,0,0
290637,1,0,0,0,0,0,0,0,1,0,0,0,1,1,1,0,1,0
290727,0,0,1,1,0,0,0,1,1,0,0,0,0,0,0,1,0,0
290729,0,0,0,0,0,0,0,0,0,0,0,0,0,0,0,0,0,0
290764,1,0,0,0,0,0,1,0,0,0,0,0,0,0,0,0,1,0
290825,1,0,0,0,0,0,0,0,0,0,1,0,0,0,0,0,0,0
291264,0,0,0,0,0,0,0,0,0,0,0,0,0,1,0,0,0,0
291413,0,0,0,0,0,0,1,0,0,0,1,0,0,0,0,0,1,0
291549,1,1,0,0,0,0,1,0,0,0,0,0,0,0,1,0,0,0
291866,1,0,0,0,0,0,0,0,0,0,0,0,0,0,1,0,0,0
292040,1,0,0,1,0,0,1,0,0,0,0,0,0,0,0,0,1,0
292081,0,0,0,1,0,0,0,1,0,0,0,0,0,0,0,0,0,0
292280,0,0,0,0,0,0,1,0,0,0,0,0,1,0,1,0,1,0
293262,0,0,0,0,0,0,1,0,0,0,0,0,0,1,0,0,0,0
293310,0,0,0,0,1,0,1,0,0,0,0,0,0,1,0,0,0,0
293970,1,1,0,1,0,0,0,0,0,0,0,0,0,0,0,0,0,0
294272,0,0,1,0,0,0,1,0,0,0,1,0,0,0,0,0,0,0
294726,0,0,0,0,0,0,1,0,0,0,0,0,0,0,0,0,0,0
294736,1,0,0,0,0,0,0,0,0,0,0,0,0,0,0,0,1,0
294800,1,1,0,1,0,0,0,0,0,0,0,0,0,0,1,0,1,0
295592,0,0,0,0,1,0,0,0,0,0,0,0,0,0,0,0,0,0
295830,0,0,0,0,0,0,1,0,0,0,0,0,0,0,0,0,0,1
295887,0,0,0,1,0,0,0,0,0,0,0,0,0,0,0,0,0,0
296065,1,0,0,0,0,0,1,0,0,0,0,0,1,0,0,0,0,0
29657,1,0,0,0,0,0,0,1,0,0,0,0,0,0,0,0,0,0
297222,0,0,0,1,0,0,1,0,1,0,0,0,0,0,0,0,0,0
297265,0,0,0,0,0,0,0,0,0,0,0,0,0,1,0,0,0,0
297608,0,0,0,1,0,0,1,0,0,0,0,0,1,0,0,0,0,0
297702,0,0,0,0,0,0,0,0,0,0,0,0,1,0,0,0,0,0
297806,1,1,0,0,1,0,0,0,0,0,0,1,0,1,0,0,0,0
298312,0,0,0,0,0,0,1,0,0,0,0,0,0,0,0,0,0,0
29911,0,0,1,1,0,0,1,1,0,0,0,0,0,0,0,0,0,0
29917,0,0,0,0,0,0,1,0,0,0,0,0,0,0,0,0,1,0
299245,0,0,0,0,0,0,1,0,0,0,0,0,0,0,1,0,1,0
2994,0,1,0,0,0,0,1,0,0,0,0,0,0,0,0,0,0,1
299513,0,0,0,0,0,0,0,0,0,0,0,0,0,0,0,0,0,0
299553,1,0,0,0,0,0,0,0,1,0,0,0,0,0,0,0,0,0
299969,0,0,0,0,1,0,1,0,0,0,0,0,0,0,0,0,0,0
30018,0,0,0,0,0,0,1,0,0,0,0,0,1,0,0,0,1,0
30061,1,0,0,0,0,0,1,0,0,0,0,0,0,0,0,0,1,0
300665,1,0,0,0,0,0,0,0,0,0,1,0,0,0,0,0,1,0
300666,0,0,0,1,0,0,1,0,0,0,0,0,0,0,0,0,0,0
300673,0,1,0,0,0,0,1,0,0,0,0,0,0,0,0,0,0,0
301337,0,0,0,0,0,0,1,0,0,0,0,0,0,1,0,0,0,0
301351,0,0,0,0,1,0,1,1,0,0,0,0,0,1,0,0,1,0
301355,0,1,0,0,0,0,0,0,0,0,0,0,1,0,0,0,0,0
301365,0,0,0,0,1,0,1,0,0,0,0,0,0,0,0,0,0,0
301372,0,0,0,0,0,0,1,0,0,0,1,0,0,0,0,0,1,0
3014,0,1,0,1,0,0,0,0,0,0,0,0,0,0,0,0,0,0
30141,0,0,0,1,0,0,1,1,1,0,0,0,0,0,0,0,1,1
301728,0,0,0,0,0,0,0,0,0,0,1,0,0,0,0,0,1,0
301875,1,1,1,0,1,0,0,0,0,0,0,0,0,0,1,0,1,0
3021,1,0,0,0,0,0,0,0,0,0,1,0,0,0,0,0,0,0
302150,0,0,0,0,0,0,0,0,0,0,0,0,0,0,0,0,0,0
30238,0,0,0,0,0,0,1,0,0,1,0,0,0,0,0,0,0,0
302828,1,0,0,0,0,0,0,0,0,0,0,0,0,0,0,0,1,0
303141,1,0,0,0,1,0,0,0,0,0,0,0,0,0,0,0,0,0
30347,0,0,0,0,1,0,1,0,0,0,1,0,0,0,0,0,0,0
303858,0,0,0,0,0,0,0,0,0,0,0,0,0,0,1,0,0,0
30416,0,0,0,1,0,0,0,0,0,0,0,0,0,0,0,0,0,0
304410,0,0,1,0,0,0,0,0,0,0,0,0,0,0,0,0,0,0
30462,0,1,0,0,0,0,0,0,0,0,0,0,0,1,0,0,0,0
305276,0,0,0,0,0,0,0,0,0,0,0,0,0,0,0,0,0,0
3053,0,0,0,1,0,0,0,0,0,0,0,0,1,0,0,0,0,0
305747,0,0,0,0,0,0,1,1,0,0,0,0,0,0,0,0,0,0
306,0,0,0,0,0,0,1,1,0,1,0,0,0,0,1,0,0,0
306947,0,0,0,0,0,0,1,0,0,0,0,0,0,1,0,0,1,0
306969,1,0,0,0,1,0,0,1,0,0,1,0,0,0,1,0,0,0
307479,0,0,0,0,0,0,0,0,0,0,0,0,0,0,0,0,0,0
30806,1,1,0,0,0,0,0,0,0,0,0,0,0,0,0,0,0,0
308266,0,0,0,1,0,0,1,0,0,0,0,0,0,0,0,0,0,0
308409,0,0,0,0,0,0,1,0,0,0,0,0,0,0,0,0,0,0
30844,0,0,0,0,0,0,0,0,0,0,0,0,0,0,0,0,0,0
308639,0,0,0,1,0,0,0,0,0,0,0,0,0,1,0,0,0,0
3087,1,0,0,1,0,0,1,0,0,0,0,0,0,0,0,0,0,0
309302,0,0,0,0,1,0,1,0,0,0,0,0,0,0,0,0,0,0
309770,0,0,0,0,0,0,0,0,0,1,0,0,0,0,0,0,0,1
309809,0,0,0,0,0,0,0,0,0,0,0,0,0,0,0,0,0,0
30983,1,0,0,0,0,0,0,0,0,0,0,0,0,1,0,0,0,1
309889,0,0,0,0,0,0,0,0,0,0,1,0,0,0,1,0,0,0
31002,1,0,0,0,0,0,0,0,0,0,0,0,0,1,1,0,1,0
3101,0,0,1,0,0,0,1,0,0,0,0,0,0,0,0,0,1,0
31010,0,0,0,0,0,0,1,0,0,0,0,0,0,0,0,0,0,1
310119,0,0,0,0,0,0,1,0,0,0,0,0,0,0,0,0,0,0
310133,0,0,0,0,0,0,1,0,0,0,0,0,0,0,1,0,1,0
310137,0,1,0,0,0,0,0,0,1,0,0,0,0,0,0,0,0,0
31046,1,0,0,0,0,0,0,0,1,0,0,0,0,0,0,0,0,0
31047,0,0,0,1,0,0,1,1,0,0,1,0,0,0,0,0,0,0
310707,1,0,0,1,0,0,0,0,0,0,0,0,0,0,1,0,0,0
312791,0,0,0,0,0,0,0,0,0,0,0,0,0,0,1,0,1,0
312992,0,0,0,0,1,0,0,0,0,0,1,0,0,0,0,0,0,0
3131,1,0,1,0,0,0,0,0,0,0,1,0,1,0,0,0,0,0
313943,0,0,0,0,0,0,1,0,0,0,0,0,0,0,0,0,0,0
314095,0,0,0,0,0,0,1,0,0,0,0,0,0,0,0,0,0,0
315024,1,0,0,0,0,0,0,0,0,0,0,0,0,0,0,0,0,0
316000,0,0,0,0,0,0,1,0,0,0,0,0,0,0,0,0,0,0
316029,0,0,0,0,0,0,0,0,0,0,0,0,0,0,0,0,0,0
316268,0,0,0,0,0,0,1,0,0,0,1,0,0,0,1,0,0,0
31685,1,0,0,0,1,0,1,0,0,0,1,0,1,0,0,0,1,0
317442,1,0,0,0,0,0,1,0,0,0,0,1,0,0,0,0,0,0
3177,1,0,1,0,0,0,1,0,0,0,0,0,0,1,0,0,0,0
3179,1,0,0,0,0,0,0,0,0,0,0,0,0,0,0,0,0,1
317952,1,1,0,0,0,0,0,0,0,0,0,0,0,0,1,0,0,0
318224,0,0,0,0,0,0,0,0,0,0,0,0,0,0,1,0,0,0
318256,0,0,0,1,0,0,1,0,0,0,0,0,0,0,0,0,0,0
318922,1,0,0,0,0,0,1,1,0,0,0,0,0,0,0,0,0,0
31922,1,0,0,0,0,0,0,0,0,0,0,0,0,0,0,0,0,0
31930,0,0,0,0,1,0,1,0,0,0,0,0,0,0,0,0,0,0
31933,0,1,0,1,1,0,0,1,0,0,0,0,0,1,0,0,0,0
319669,0,0,0,1,0,0,0,0,0,0,0,0,0,0,0,0,0,0
31967,1,1,0,0,0,0,0,0,0,0,0,0,0,0,0,0,0,0
319910,1,0,0,0,1,0,1,0,0,0,0,0,0,0,0,0,1,1
31997,0,1,0,1,0,0,1,0,0,0,0,0,0,0,0,0,0,0
320007,0,0,0,0,1,0,0,0,0,0,1,0,0,1,0,0,1,0
320295,0,0,0,1,0,0,1,0,0,0,0,0,1,0,1,0,0,0
32042,0,0,0,1,0,0,1,0,0,0,0,0,0,1,0,0,0,0
32048,1,0,0,0,0,0,0,0,0,0,0,0,0,0,0,0,0,0
32085,0,1,0,0,1,0,1,0,0,0,0,0,1,0,0,0,0,0
32093,0,0,0,0,0,0,1,0,0,0,0,0,0,0,0,0,0,0
321528,1,0,0,0,0,0,0,0,0,0,0,0,0,0,0,0,1,0
321769,0,0,0,1,1,0,0,1,0,0,0,0,0,0,1,1,0,0
322,0,0,0,1,1,0,1,0,0,0,0,0,0,0,0,0,0,1
322443,0,1,0,0,0,0,0,0,0,0,0,0,0,0,0,0,0,0
322487,0,0,1,1,0,0,1,0,0,0,0,0,0,0,0,0,0,0
322518,0,1,0,0,0,0,1,0,0,1,0,0,0,0,0,0,1,0
322548,0,0,0,0,1,0,1,0,0,0,0,0,0,0,0,0,1,0
323262,1,0,1,1,0,0,1,0,1,0,0,0,0,0,0,0,0,0
32328,1,0,0,0,0,0,1,0,0,0,0,0,0,1,0,0,0,0
323366,0,0,0,0,1,0,0,0,0,0,1,0,0,0,1,0,1,0
323370,0,0,0,0,0,0,1,0,0,0,0,0,0,0,0,0,1,0
323373,0,0,0,0,0,0,0,0,0,0,0,0,1,0,0,0,0,0
324260,0,0,0,0,0,0,1,0,1,0,0,0,0,0,0,0,0,0
32430,0,0,0,0,0,0,1,0,0,0,0,0,0,0,0,0,0,0
324464,0,0,0,1,0,0,0,0,0,0,0,0,0,0,0,0,0,0
324560,0,0,0,0,0,0,1,1,0,0,0,0,0,1,0,0,1,0
324668,0,0,0,0,0,0,0,1,1,0,0,0,0,0,0,0,1,0
324803,1,0,0,0,1,0,1,0,0,0,1,0,0,0,0,0,1,0
324807,0,1,0,0,0,0,0,0,0,0,0,0,0,0,0,0,0,0
326,1,0,0,0,0,0,0,0,1,0,0,0,0,0,1,0,0,0
32611,1,0,1,1,0,0,1,0,0,0,1,0,0,0,0,0,1,1
32627,0,0,0,0,0,0,1,0,0,0,0,0,0,0,0,0,0,0
326425,0,0,0,0,0,0,0,1,0,0,1,0,0,0,1,0,0,0
326440,0,1,0,0,1,0,0,0,1,0,0,0,0,1,0,0,1,0
32657,0,1,0,0,1,0,0,1,0,0,0,0,0,0,0,0,0,0
32688,0,0,0,0,1,0,0,0,0,0,0,0,0,1,0,0,0,0
32726,1,0,0,0,1,0,1,0,0,0,0,0,0,1,0,0,0,0
327528,0,0,0,1,0,0,1,0,0,0,0,0,0,0,0,0,0,0
32790,0,0,0,0,0,0,1,1,0,0,0,0,0,1,0,0,0,0
328032,0,1,0,1,0,0,1,0,0,0,0,0,0,0,0,0,0,0
328070,1,0,0,0,0,0,0,0,0,0,0,0,0,0,0,0,1,0
32812,0,0,0,1,0,0,1,1,0,0,1,0,0,0,0,0,0,0
328425,0,0,0,0,0,0,0,0,0,0,1,0,1,0,0,0,0,0
328820,1,0,0,0,1,0,1,0,0,0,0,0,0,0,0,0,0,0
329010,0,0,0,0,0,0,0,0,0,0,0,0,0,0,0,0,0,0
329440,0,1,0,0,0,1,0,0,0,0,0,0,0,0,0,0,0,0
329540,0,1,0,0,0,0,0,0,0,0,1,0,0,1,0,0,0,0
32978,1,0,0,0,0,0,1,0,0,0,0,0,0,0,0,0,0,0
329809,0,0,0,0,0,0,0,0,0,0,0,0,0,0,0,0,0,0
329829,1,0,0,0,0,0,0,0,0,0,0,0,0,0,0,0,0,0
33005,1,0,0,0,0,0,0,0,0,0,1,0,0,0,0,0,0,0
330294,0,0,0,0,0,0,1,0,0,0,0,0,0,0,0,0,0,0
330298,1,0,1,1,0,0,1,0,0,0,0,0,0,1,0,0,0,0
330947,0,0,0,0,0,0,0,0,0,0,0,0,0,0,0,0,0,0
331392,0,1,0,0,0,0,0,0,0,0,0,0,0,0,0,0,1,0
331576,0,0,0,0,0,0,1,0,0,0,0,0,0,0,1,1,1,0
33257,0,0,0,1,0,0,0,0,1,0,0,0,0,0,0,0,0,0
333375,0,0,0,1,0,0,0,0,0,0,0,0,0,0,0,0,0,0
333377,0,0,0,0,0,0,0,0,0,0,0,0,0,0,0,0,0,0
333385,0,0,0,1,0,0,1,0,0,0,0,0,0,0,0,0,0,0
333387,0,0,0,0,0,0,1,0,0,0,0,0,0,0,0,0,1,0
333667,1,0,0,1,0,0,1,0,0,0,0,0,0,1,0,0,0,0
334074,0,0,0,0,0,0,1,0,0,0,0,0,0,0,0,0,0,0
334536,1,0,0,0,0,0,1,0,0,0,0,0,1,0,0,0,1,0
33473,1,0,0,0,1,0,0,0,1,0,0,0,0,0,0,0,0,0
335462,0,1,1,1,0,0,0,1,0,0,0,1,0,0,0,0,1,0
33558,1,1,0,1,0,0,1,0,0,0,0,0,0,0,0,0,0,0
335788,1,1,0,1,0,0,1,0,0,0,1,0,1,1,0,0,0,0
335796,0,0,0,1,1,0,0,0,0,0,0,0,0,0,0,0,0,0
336560,1,0,0,0,0,0,1,0,0,0,0,0,0,0,0,0,0,0
33660,0,0,0,0,0,0,0,1,0,0,0,0,0,0,0,0,0,0
336790,1,0,0,0,0,0,1,0,0,0,0,0,0,0,0,0,1,0
337029,1,0,0,0,0,0,1,0,0,0,0,0,0,0,0,0,1,0
337170,1,0,1,1,1,0,0,0,0,0,0,0,0,0,0,0,0,0
337208,0,1,0,0,0,0,1,0,0,0,0,0,1,0,0,0,0,0
337302,0,0,1,1,0,0,0,0,1,0,0,0,0,0,0,0,1,0
337339,0,0,0,0,0,0,0,0,0,0,1,0,0,0,0,0,0,0
338065,0,0,0,1,0,0,0,1,0,0,0,0,0,0,0,0,0,0
338544,0,0,1,0,0,0,1,0,0,0,0,0,0,0,0,0,1,0
338964,1,0,0,1,1,0,0,0,0,0,0,0,0,0,0,0,0,0
339116,1,0,0,0,0,0,0,0,0,0,0,0,0,0,1,0,0,0
339259,0,0,0,0,0,0,1,0,0,0,0,0,0,0,0,0,1,0
340382,0,0,0,0,0,0,0,0,0,0,0,0,0,0,0,0,1,0
340488,0,0,0,0,0,0,1,0,0,0,0,0,0,0,0,0,0,0
34067,0,0,0,0,0,0,0,0,0,0,0,0,1,0,0,0,0,0
340746,0,1,0,1,0,0,1,1,0,0,0,0,1,0,1,0,0,0
341035,0,1,0,1,0,0,1,0,0,0,1,0,0,0,0,0,0,0
34205,1,0,0,0,0,0,1,0,0,0,0,0,0,0,0,0,0,0
342657,0,0,0,0,0,0,1,0,0,1,0,0,0,1,0,0,0,0
3427,0,0,0,0,0,0,1,0,0,0,0,0,0,1,0,0,0,0
34309,1,0,0,0,0,0,0,0,0,0,0,0,0,0,1,0,0,0
3432,0,0,0,0,0,0,0,0,0,0,0,0,1,0,0,0,1,1
343284,0,1,1,1,0,0,0,0,0,0,0,0,0,0,0,0,0,0
34388,1,0,0,0,0,0,0,0,0,0,0,1,0,0,0,0,0,0
34480,1,0,0,0,0,0,0,0,0,0,0,0,0,0,0,0,1,0
344854,0,0,0,0,0,0,0,0,0,0,0,0,0,0,0,0,0,0
345009,0,0,0,0,1,0,1,0,0,0,0,0,0,0,1,0,0,0
345323,0,0,0,0,0,0,0,0,0,0,0,0,0,0,0,0,1,0
345911,0,0,0,0,1,0,0,0,0,0,1,0,0,0,0,0,0,0
34623,0,0,0,0,0,0,1,0,0,0,0,0,0,1,0,0,0,0
346558,1,1,1,0,0,0,1,0,0,0,0,0,0,0,1,0,0,0
346671,0,1,0,1,0,0,0,0,0,0,0,0,0,0,0,0,0,0
34673,0,1,0,1,0,0,0,0,0,1,0,0,0,0,0,0,0,0
347123,0,0,0,0,0,0,1,0,0,0,0,0,0,0,0,0,0,1
34734,0,0,0,0,0,0,0,0,0,0,0,0,0,0,0,0,0,0
34746,0,1,0,1,1,0,1,1,0,0,0,0,0,1,0,0,0,0
347754,0,1,1,0,0,0,0,0,1,0,0,1,1,0,0,0,0,0
34813,0,0,0,0,1,0,1,0,0,0,0,0,0,0,0,0,0,0
348389,0,0,0,0,0,0,0,0,0,0,0,0,0,0,0,0,1,1
34856,0,0,0,0,0,0,1,0,0,0,0,1,0,1,0,0,0,0
348668,0,0,0,0,0,0,1,0,0,0,0,0,0,0,0,0,1,0
350505,0,0,1,0,0,0,0,0,0,0,0,0,0,0,0,0,1,0
3512,1,0,0,0,0,0,1,0,0,0,1,0,0,0,0,0,1,0
351211,0,0,0,1,0,0,0,0,0,0,0,0,0,1,0,0,0,0
351901,1,1,1,0,0,0,1,0,0,0,0,0,0,0,0,0,0,0
352173,0,0,0,0,0,0,1,0,0,0,0,0,0,1,0,0,0,0
352200,0,1,0,0,0,0,1,0,0,1,0,0,0,0,0,0,1,0
352208,0,0,0,1,0,0,0,0,0,0,0,0,0,0,0,0,1,0
352492,1,0,0,0,0,0,0,0,0,0,0,0,0,0,1,0,0,0
353070,0,0,0,1,0,0,0,0,0,0,0,0,0,0,0,0,0,0
353433,0,1,0,0,0,0,1,0,0,0,0,0,0,0,0,0,0,0
353595,0,0,0,0,0,0,1,0,0,0,0,0,0,1,1,0,0,0
353686,0,0,0,0,0,0,0,0,0,0,0,0,1,0,1,0,1,0
353732,0,0,0,0,0,0,1,0,0,0,1,0,0,0,0,0,1,1
353979,0,0,0,0,0,0,1,0,0,0,0,0,0,0,0,0,1,0
35412,1,1,0,0,0,0,1,0,0,0,0,0,1,0,0,0,0,0
354380,1,0,0,0,0,0,0,0,0,0,0,0,0,0,0,0,0,0
354859,0,0,0,0,1,0,1,0,0,0,0,0,0,0,0,0,0,0
355020,1,0,0,0,0,0,0,0,0,0,0,0,0,0,0,0,1,0
355254,1,0,0,1,0,0,0,0,0,0,0,0,0,0,0,0,1,0
355264,0,0,0,0,1,0,1,0,0,0,1,0,0,0,0,0,0,1
356326,0,1,0,0,0,0,0,0,0,0,0,0,0,0,0,0,1,0
356332,0,0,0,0,0,0,1,0,0,0,0,0,0,0,0,0,1,0
356500,0,1,0,0,0,0,0,0,0,0,0,0,0,0,0,0,0,0
356842,0,0,0,0,0,0,1,1,0,0,1,0,0,0,0,0,0,0
35690,0,0,0,1,0,0,1,0,0,0,0,0,0,0,1,0,0,0
357054,0,0,1,0,0,0,1,1,0,0,0,1,0,0,0,0,0,0
357096,0,1,0,0,0,0,1,1,1,0,0,0,1,0,0,0,0,0
35716,0,0,1,1,0,0,1,0,0,0,0,0,1,0,0,0,0,0
35752,0,0,0,0,0,0,0,0,0,0,0,0,1,0,0,0,0,0
357681,0,1,0,0,0,0,1,0,0,0,0,0,0,0,1,0,1,0
357940,1,1,0,0,0,0,0,0,0,0,0,0,0,0,0,0,1,0
35831,0,1,0,0,0,0,0,0,1,0,0,0,1,0,0,0,0,0
358505,0,0,0,0,1,0,1,0,0,0,0,0,0,0,1,0,0,0
358924,0,0,0,1,0,0,0,0,0,0,0,0,0,0,0,0,0,0
358962,1,0,0,0,0,0,1,1,0,0,0,0,0,0,0,0,1,0
359364,1,0,0,0,0,0,0,0,0,0,0,0,0,0,0,0,0,0
3595,0,0,0,1,0,0,0,1,0,0,0,0,0,0,0,0,0,0
35950,1,0,0,0,0,0,0,0,0,0,0,0,0,1,0,0,0,1
3597,0,0,1,1,0,0,1,0,0,0,0,0,0,0,0,0,0,0
359784,0,0,0,0,0,0,1,0,0,0,0,0,0,1,0,0,0,0
359790,0,0,0,0,0,0,1,0,1,0,0,0,1,0,1,0,1,0
3598,0,0,0,0,0,0,1,1,0,0,0,0,0,1,0,0,0,0
359940,0,0,0,1,0,0,1,0,0,0,0,0,0,0,0,0,0,0
359983,1,0,0,0,1,0,0,1,0,0,0,0,0,0,0,0,1,0
3600,0,0,0,1,0,0,0,0,0,0,0,0,0,0,0,0,0,0
360029,0,0,0,0,1,0,1,0,0,0,1,0,0,0,0,0,1,0
360030,0,0,0,0,0,0,1,0,0,0,0,0,0,0,0,0,1,0
360365,0,0,0,0,0,0,1,0,0,0,0,0,0,0,0,0,0,0
36049,0,1,0,0,0,0,1,0,0,0,0,0,0,0,1,0,0,0
360784,1,0,0,0,1,0,0,0,0,0,1,0,1,0,0,0,1,0
361159,0,1,0,0,1,0,1,0,0,0,0,0,0,0,0,0,1,0
36123,0,0,0,0,0,0,1,0,0,0,0,0,0,0,0,0,1,0
361263,1,0,0,0,1,0,0,0,0,0,0,0,0,0,1,0,0,0
362046,0,0,0,0,0,0,0,0,0,0,0,0,0,0,0,0,0,0
362105,0,0,1,1,0,0,0,0,0,0,0,0,0,0,1,0,0,0
36218,1,0,0,0,1,0,0,0,0,0,0,0,0,0,0,0,0,0
362226,0,0,0,0,0,0,0,0,0,0,0,0,0,0,0,0,1,0
362373,0,0,0,0,0,0,1,0,0,0,0,0,0,0,1,0,0,0
36244,1,0,0,1,1,0,0,0,0,0,0,0,0,1,0,0,1,0
362584,0,0,0,0,0,0,1,0,0,0,0,0,0,0,0,0,1,0
36272,1,0,0,0,0,0,1,0,0,0,0,0,1,0,0,0,0,0
363093,1,1,0,0,0,0,1,0,0,0,0,0,0,0,0,0,0,0
363111,1,0,0,0,0,0,0,0,0,0,0,0,0,0,1,0,0,0
363486,0,0,0,0,0,0,0,1,1,0,0,0,0,0,0,0,0,0
363579,1,0,1,0,1,0,0,0,0,0,1,0,0,0,1,0,0,0
363683,0,0,0,0,0,0,0,0,0,0,0,0,0,1,0,0,1,0
363889,0,0,1,1,0,0,0,0,0,0,1,0,0,0,1,0,1,0
363992,0,0,0,1,0,0,1,0,0,0,0,0,0,0,0,0,1,0
364116,0,0,0,0,0,0,0,0,0,0,1,0,0,1,0,0,0,0
36569,0,0,0,0,0,0,1,0,0,0,0,0,0,0,0,0,0,0
36573,0,0,1,0,1,0,0,0,0,0,0,0,1,0,0,0,1,0
36583,1,0,0,0,0,0,0,0,0,0,0,0,0,0,0,0,1,0
365851,1,1,0,0,0,0,1,0,0,0,0,0,0,0,0,0,0,0
36599,1,0,0,0,0,0,1,0,0,0,0,0,0,0,1,0,1,0
36647,1,1,0,0,0,0,0,0,0,0,0,0,0,1,0,0,0,0
366506,0,0,0,0,0,0,0,1,1,0,0,0,1,0,0,0,0,0
366696,0,0,0,1,0,0,1,1,0,0,0,0,0,0,0,0,0,0
36685,0,0,0,0,0,0,0,0,0,0,0,0,0,0,0,0,0,0
36686,1,0,0,0,0,0,1,0,0,1,0,0,0,0,0,0,0,0
367416,0,0,0,0,0,0,1,0,0,0,0,0,0,0,0,0,1,1
367723,0,0,1,1,0,0,1,1,0,0,0,0,0,0,0,0,0,0
368031,0,0,0,0,1,0,0,0,0,0,1,0,0,0,0,0,0,0
36819,0,0,0,1,0,0,1,0,0,0,0,0,0,0,0,0,0,0
3682,0,0,0,1,0,0,0,0,0,0,0,0,0,0,0,0,1,0
368239,0,0,0,1,1,0,1,0,0,0,0,0,0,0,0,0,0,0
36865,0,0,0,0,0,0,1,0,0,0,0,0,0,0,0,0,0,0
369033,0,0,0,0,0,0,0,0,0,0,1,0,0,0,0,0,0,0
36955,0,0,0,0,1,0,0,0,0,0,1,0,0,0,1,0,0,0
369552,1,0,0,0,0,0,0,0,0,0,1,0,0,0,0,0,1,0
369697,0,0,0,0,1,0,1,0,0,0,1,1,0,0,0,0,0,0
369769,0,0,0,0,0,0,1,0,0,0,0,0,0,0,0,0,0,0
369772,1,0,0,0,0,0,1,0,0,0,0,0,0,0,0,0,0,0
37196,0,0,0,0,0,0,0,0,0,0,0,0,0,0,0,0,1,0
37206,0,0,0,0,0,0,1,1,0,0,0,0,0,0,0,0,0,0
373446,0,0,1,0,0,0,1,0,0,0,0,0,0,1,0,0,0,0
375355,0,1,0,0,0,0,0,0,0,0,0,0,0,1,0,0,0,0
37588,1,0,0,0,0,0,0,0,0,0,0,0,0,1,0,0,1,0
376228,0,0,0,0,0,0,1,0,0,1,0,0,0,0,0,0,0,0
376234,0,0,0,1,1,0,1,0,0,0,0,0,0,0,1,0,0,0
376453,0,0,0,0,0,0,0,0,0,0,0,0,1,0,0,0,0,0
376530,0,0,0,1,1,0,0,0,0,0,0,0,0,0,0,0,1,0
376570,0,0,0,0,1,0,0,0,0,1,1,0,0,0,1,0,0,0
376658,0,0,1,0,0,0,0,0,0,0,0,0,0,0,1,0,0,0
37690,0,0,0,0,0,0,1,0,0,0,0,0,0,0,0,0,0,0
37707,1,1,0,0,0,0,1,0,0,0,1,0,0,0,0,0,0,0
37710,1,1,0,1,1,0,0,0,0,0,0,0,0,0,0,0,1,0
377151,1,0,0,0,0,0,1,0,0,0,0,0,0,0,0,0,0,0
37725,1,0,0,0,0,0,0,0,0,0,0,0,0,0,0,0,1,0
377263,0,0,0,0,1,0,1,0,0,0,0,0,0,0,0,0,0,0
377264,1,0,0,0,1,0,1,0,0,0,0,0,0,0,0,0,1,0
377274,1,1,0,0,0,0,1,0,0,0,0,0,0,1,0,0,0,0
377587,0,1,1,0,0,0,0,1,0,0,0,0,0,1,0,0,0,0
378018,1,0,0,0,1,0,0,0,1,0,0,0,0,0,1,0,0,0
37813,0,0,0,0,1,0,0,0,0,0,0,0,1,0,0,0,1,0
378932,0,1,0,0,0,0,1,0,0,0,0,0,0,0,0,0,1,0
379149,0,0,0,0,0,0,1,0,0,0,0,0,0,0,0,0,0,0
37920,0,0,0,0,0,0,1,0,0,0,0,0,0,0,0,0,0,0
37922,0,0,0,0,1,0,1,0,0,0,0,0,0,0,0,0,1,0
37929,0,0,0,0,0,0,0,0,0,0,0,0,0,0,0,0,0,0
379779,0,0,0,0,0,0,0,0,0,0,1,0,1,0,0,0,0,0
38,1,0,0,0,0,0,0,0,0,0,0,0,0,1,0,0,1,0
380124,0,0,0,0,0,0,1,0,1,0,0,0,0,0,0,0,1,1
38033,1,0,0,0,1,1,1,0,0,0,1,0,0,0,1,0,1,0
38050,0,0,0,0,0,0,1,0,0,0,0,0,0,0,0,0,0,0
380565,1,0,0,0,0,0,1,0,0,0,0,0,0,0,1,0,0,0
38057,0,1,0,1,0,0,0,1,1,0,0,0,0,0,0,0,0,0
380620,0,0,0,0,0,0,1,0,0,0,0,0,0,0,0,0,0,0
380808,1,0,0,0,0,0,0,0,0,0,0,0,0,0,1,0,0,0
381018,0,0,0,0,1,0,1,0,0,0,1,0,0,0,0,0,1,0
381034,0,1,0,0,0,0,0,0,0,0,0,0,0,0,0,0,0,0
381288,0,0,0,0,0,0,0,0,0,0,1,0,1,1,0,0,0,0
381325,1,0,0,0,0,0,1,0,0,0,0,0,0,1,0,0,0,0
38234,0,0,0,0,1,0,1,0,1,0,1,0,0,0,1,0,0,0
382399,0,0,0,0,0,0,1,0,0,0,0,0,0,0,0,0,1,0
382595,0,0,0,0,0,0,1,0,0,0,0,0,0,0,0,0,0,0
38322,1,0,1,0,0,0,0,1,1,0,0,0,0,0,0,0,0,0
383788,0,0,1,0,0,0,0,1,0,0,0,0,0,0,0,0,0,0
38410,1,0,0,0,1,0,1,0,0,0,1,0,0,0,0,0,1,0
384450,1,1,0,0,0,0,0,0,0,1,0,0,0,0,0,0,1,0
385737,0,1,0,0,0,0,1,0,0,0,0,0,0,0,0,0,0,0
385805,0,0,1,0,0,0,1,0,0,0,1,0,0,0,0,0,0,0
38582,0,0,0,0,0,0,0,1,0,0,0,0,0,1,0,0,0,0
38594,1,0,0,1,0,0,1,0,1,0,0,0,0,1,0,0,1,0
38665,0,1,0,1,0,0,0,0,1,0,0,0,0,0,1,0,0,0
387,0,0,0,0,0,0,1,0,0,0,0,0,0,0,0,0,0,0
3870,0,0,0,0,0,0,1,1,0,0,0,0,0,0,0,0,0,0
387886,0,0,0,0,1,0,1,0,0,0,0,0,0,0,0,0,0,0
387911,0,0,0,0,0,0,0,0,0,0,1,0,0,0,0,0,0,0
388243,1,1,0,0,0,0,0,0,0,0,0,0,0,0,0,0,0,0
38842,0,0,0,0,0,0,0,0,0,0,0,0,0,0,0,0,0,0
38975,0,0,0,1,0,0,1,0,0,0,0,0,0,0,0,0,0,0
3902,1,0,0,0,0,0,1,0,0,0,0,0,0,0,0,0,0,0
39027,1,0,0,0,1,0,0,0,0,0,0,0,0,0,0,0,0,0
390641,1,0,0,0,0,0,0,0,0,0,0,0,0,0,0,0,0,0
390734,1,0,0,0,0,0,1,0,1,0,0,0,0,0,1,0,0,0
39102,1,0,0,0,0,0,0,0,1,0,1,0,0,0,0,0,0,0
391484,0,1,0,0,0,0,1,1,0,0,0,1,0,0,0,0,0,0
391486,1,0,0,0,0,0,0,0,0,0,0,0,0,0,0,0,1,0
391626,1,1,0,0,0,0,1,0,0,0,0,0,0,0,0,0,1,0
392011,0,0,0,0,0,0,1,0,0,0,0,0,0,0,0,0,1,0
392207,0,0,0,0,0,0,1,0,0,0,0,0,0,0,1,0,0,0
39254,0,1,0,0,0,0,0,0,0,0,1,0,0,0,0,0,0,0
39264,1,1,0,0,0,0,1,0,0,0,0,0,0,1,1,0,1,0
39266,0,0,0,0,0,0,1,0,0,0,0,0,0,0,0,0,0,0
392795,0,0,0,1,1,0,1,1,1,0,0,0,1,1,1,0,1,0
39324,0,0,0,0,1,0,0,1,0,0,0,0,0,0,0,0,1,0
394355,1,1,0,0,0,0,0,0,0,0,0,0,0,0,0,0,0,0
394661,0,1,0,0,0,0,0,0,0,0,0,0,1,0,0,0,0,0
395834,1,0,0,0,1,0,1,0,0,1,0,0,0,0,0,0,0,0
395883,1,1,0,0,0,0,0,0,1,0,1,0,0,0,0,0,0,0
395985,0,0,0,0,0,0,0,1,0,0,0,0,0,0,0,0,0,0
395992,0,1,0,0,1,0,0,0,1,0,0,0,0,0,1,0,0,0
396330,0,0,1,1,0,0,0,1,0,0,0,0,0,0,0,0,0,0
396422,0,0,0,0,0,0,1,0,0,0,1,0,0,1,0,0,1,0
397127,0,0,0,1,0,0,0,0,0,0,0,0,0,0,0,0,0,0
397278,0,0,0,0,0,0,1,0,0,0,0,0,1,0,0,0,1,0
397415,0,0,0,1,0,0,0,0,0,0,0,0,0,0,0,0,1,0
3980,0,0,1,0,0,0,0,0,0,0,0,0,0,0,0,0,0,0
398535,0,0,0,1,0,0,0,0,0,0,0,0,0,0,0,0,0,0
399170,0,0,0,1,0,0,1,0,0,0,0,0,0,0,0,0,0,0
399437,0,0,1,0,0,0,1,1,1,0,0,0,0,0,0,0,0,0
400136,0,0,0,0,1,0,0,0,0,0,0,0,0,0,0,0,0,0
400605,0,0,0,0,0,0,0,0,0,0,0,0,0,0,0,0,0,0
400747,0,0,0,1,0,0,1,1,0,0,0,0,0,0,0,0,0,0
40092,1,0,1,0,0,0,1,1,0,0,0,0,0,1,0,0,0,0
400990,1,0,0,0,0,0,0,0,1,0,0,0,0,0,0,0,1,0
401132,1,1,0,0,0,0,0,0,0,0,0,0,0,0,1,0,0,0
40123,0,0,1,1,0,0,1,0,0,0,0,0,0,0,1,0,1,0
401513,0,0,0,0,0,0,0,0,0,0,0,0,0,0,0,0,1,0
40194,0,0,0,1,0,0,0,0,0,0,0,0,0,0,0,0,1,0
402,0,0,0,0,0,0,0,0,0,0,0,0,0,0,0,0,1,0
402331,1,0,0,0,1,0,0,0,0,0,1,0,0,0,0,0,1,0
402370,0,1,1,0,0,0,1,0,0,0,0,0,1,0,0,0,0,0
402529,1,0,0,0,0,0,1,0,0,0,0,0,0,0,0,0,0,0
40264,0,0,0,0,0,0,1,0,0,0,0,0,0,0,0,0,0,0
402976,1,0,0,1,0,0,1,0,0,0,0,0,0,0,0,0,0,0
403052,0,0,0,1,0,0,0,1,1,0,0,0,0,1,0,0,0,0
403434,1,0,0,0,0,0,0,0,0,0,0,0,0,0,0,0,1,0
403509,1,0,0,0,0,0,0,0,0,0,0,0,0,0,1,0,0,0
403605,1,0,0,0,1,0,0,0,0,0,0,0,0,0,1,0,1,0
403964,0,1,0,0,0,0,1,1,0,0,0,0,1,0,0,0,1,0
404584,1,0,0,0,0,0,1,0,0,0,1,0,0,0,0,0,0,0
404947,0,0,0,0,1,0,1,0,0,0,0,0,0,0,0,0,0,0
405314,0,1,0,1,0,0,1,1,1,0,0,1,0,0,0,0,0,0
405775,0,0,0,0,1,0,1,0,0,0,0,0,0,0,0,0,0,0
406107,0,0,0,0,1,0,0,0,0,0,0,0,0,0,1,0,1,0
406115,0,0,0,0,0,0,1,0,0,0,0,0,0,0,0,1,1,0
40633,0,1,1,0,1,0,1,1,0,0,1,0,0,1,0,0,0,0
406385,0,0,0,0,0,0,0,1,0,0,0,0,0,1,0,0,0,0
406563,1,0,0,0,0,0,0,0,1,0,0,0,0,0,0,0,0,0
406625,1,0,1,0,0,0,0,0,0,0,0,0,0,0,0,0,0,0
406994,1,1,0,1,1,0,0,0,1,0,0,0,0,0,0,0,0,0
407389,0,0,0,0,0,0,0,0,0,0,0,0,0,0,0,0,1,0
407559,0,0,0,0,0,0,0,1,0,0,0,0,1,1,0,0,1,0
407806,1,1,0,1,0,0,1,1,0,0,0,0,0,0,0,0,0,0
40805,0,1,0,0,0,0,0,0,0,0,0,0,0,0,0,0,0,0
408648,0,0,0,1,0,0,0,0,0,0,0,0,0,0,0,0,0,0
408949,0,0,0,0,1,0,0,0,0,0,1,0,0,0,0,0,0,0
409522,0,0,0,1,1,1,0,1,1,0,1,0,0,0,1,0,0,0
410126,1,1,0,1,0,0,1,0,0,0,0,0,0,0,0,0,0,0
410284,0,1,1,1,0,0,1,0,0,0,0,0,0,0,0,0,0,0
410314,0,0,1,1,0,0,0,1,0,0,0,0,0,0,0,0,0,0
410554,1,0,0,0,0,0,0,0,0,0,0,0,0,0,0,0,0,0
4107,0,0,0,0,0,0,1,0,0,0,0,0,0,0,0,0,1,0
410876,1,0,0,0,1,0,0,0,0,0,0,0,0,0,1,0,0,0
410988,0,0,0,0,0,0,1,0,0,0,1,0,0,0,0,0,0,0
411,1,1,0,0,0,0,0,0,0,0,0,0,0,0,0,0,0,0
411009,0,0,0,0,0,0,0,1,0,0,0,0,1,0,0,0,1,0
411019,0,1,0,0,0,0,1,0,0,1,0,0,1,1,0,0,0,0
41109,0,0,0,0,0,0,1,0,0,0,0,0,0,1,0,0,0,0
411268,1,0,0,1,0,0,0,0,0,0,0,0,0,0,0,0,1,0
411802,0,1,0,0,1,0,0,0,1,0,1,0,0,0,0,0,0,0
41185,0,0,0,0,0,0,1,0,0,0,0,0,0,0,0,0,0,0
412467,1,1,0,0,0,0,1,0,0,0,0,0,0,0,0,0,0,1
41251,0,1,1,1,0,0,1,1,0,0,0,0,0,0,0,0,0,0
412519,1,1,1,0,0,0,0,0,0,0,0,0,0,0,0,0,0,0
412766,0,0,0,0,0,0,1,0,0,0,0,0,0,0,1,0,0,0
413594,0,0,0,0,0,0,1,0,0,0,0,0,0,0,0,0,0,0
414223,0,1,1,1,0,0,1,1,0,0,0,0,0,0,0,0,0,0
41436,1,0,0,0,0,0,1,0,0,0,0,0,0,0,0,0,1,0
41439,0,0,0,0,0,0,0,0,1,0,0,0,1,0,0,0,0,0
41445,0,0,0,0,0,0,0,0,0,0,0,0,0,0,0,0,0,0
414719,1,0,0,0,0,0,0,0,0,0,0,0,0,0,1,0,0,0
41498,0,1,0,0,0,0,0,0,0,0,0,0,0,0,0,0,0,0
41505,0,0,0,0,0,0,1,0,0,0,0,0,0,0,1,0,0,0
415086,0,1,1,0,1,0,0,1,0,0,0,0,0,0,0,0,0,0
415842,0,0,0,0,0,0,0,0,0,0,0,0,0,0,0,0,0,0
416149,1,0,0,1,1,0,0,0,0,0,0,0,0,0,0,0,0,0
416160,1,0,0,1,0,0,0,1,0,0,1,1,0,0,0,0,1,0
416166,0,0,0,0,1,0,0,0,0,0,1,0,1,0,0,0,1,0
416249,0,0,1,0,0,0,1,0,1,0,0,0,0,0,0,0,0,0
41670,0,0,0,0,1,0,0,0,0,0,0,0,1,0,0,0,0,0
417056,0,0,1,1,0,0,1,0,0,0,0,0,0,0,0,1,1,0
417417,0,0,0,0,0,0,1,1,1,0,0,0,0,0,0,0,1,0
417498,0,0,0,0,1,0,0,1,0,0,0,0,0,0,0,0,0,0
417644,0,0,0,1,0,0,0,0,0,0,0,0,0,0,0,0,0,0
41784,0,0,0,1,0,0,0,0,0,0,0,0,0,0,1,0,1,1
418078,0,0,0,0,0,0,0,0,0,0,0,0,1,0,0,0,0,0
418588,0,0,0,0,0,0,1,0,0,0,0,0,0,0,0,0,0,0
419192,0,0,1,0,0,0,1,0,0,0,0,0,0,1,0,0,1,0
4192,0,0,0,1,1,0,1,0,0,0,0,0,0,0,0,0,0,0
4193,0,0,0,0,0,0,1,0,0,0,0,0,0,0,0,0,0,1
419430,1,0,0,0,1,0,1,0,0,0,0,0,0,0,0,0,0,0
41992,0,0,0,1,0,0,0,0,0,0,0,0,0,0,0,0,0,0
420279,0,1,0,0,0,0,1,0,1,0,0,0,0,0,0,0,0,0
42139,1,0,0,1,0,0,0,0,0,0,0,0,0,1,0,0,0,0
421848,0,0,0,0,0,0,0,0,0,0,0,0,0,1,0,0,0,0
42188,0,0,0,0,0,0,1,0,1,1,0,0,0,1,0,0,0,0
422469,0,0,0,0,0,0,0,0,0,0,0,0,0,0,0,0,0,0
422715,1,0,0,0,0,0,1,0,0,0,1,0,0,1,0,0,0,0
423239,0,0,0,0,0,0,0,0,0,0,0,1,0,0,0,0,1,0
424274,1,0,1,1,0,0,1,0,0,0,1,0,0,0,1,0,0,1
425942,1,0,0,0,0,0,0,0,0,0,0,0,1,0,0,0,1,0
425980,0,0,0,1,0,0,0,0,0,0,0,0,0,0,0,0,0,0
427648,0,0,0,0,0,0,1,0,0,0,0,0,0,0,0,0,0,0
4281,0,0,0,1,0,0,0,0,0,0,0,0,1,0,1,1,0,0
428612,0,0,0,0,0,0,1,0,0,0,0,0,0,1,0,0,0,0
428687,0,0,0,1,0,0,1,0,0,0,0,0,0,0,0,0,0,0
42941,0,0,0,0,0,0,0,0,1,0,0,0,0,0,1,0,0,0
429725,0,0,0,1,0,0,1,0,0,0,0,0,0,1,1,0,1,1
430043,1,0,0,0,0,0,0,0,0,0,0,0,0,0,0,0,0,0
43047,0,0,0,1,0,0,1,0,0,0,0,0,0,0,0,0,0,0
430598,0,0,0,0,1,0,1,0,0,0,0,0,0,0,1,0,1,0
43098,0,0,0,0,0,0,1,0,0,0,0,1,0,0,1,0,0,0
431892,0,0,0,0,0,1,1,0,0,0,0,0,0,0,1,0,0,0
43192,0,0,0,0,0,0,1,0,0,0,0,0,0,0,0,0,0,0
43199,0,0,0,0,0,0,0,0,0,0,0,0,0,0,0,0,0,0
432602,0,1,0,0,0,0,1,1,0,0,0,0,0,0,0,0,0,0
43263,0,0,0,0,0,0,0,0,0,0,0,0,1,1,0,0,1,1
43277,0,0,0,0,0,0,0,1,0,0,0,0,0,0,0,0,0,0
432799,0,0,0,0,0,0,0,0,0,0,0,0,0,0,0,0,0,0
432976,0,0,0,0,0,0,0,0,0,0,0,0,0,0,0,0,1,0
433244,0,0,0,0,0,0,1,0,0,0,0,0,0,0,0,0,1,0
43340,0,1,0,0,0,0,1,0,0,0,0,1,0,0,0,0,0,0
43349,0,0,0,0,0,0,0,0,0,0,0,0,0,1,0,0,0,0
43375,0,1,0,0,0,0,1,0,0,0,0,0,0,1,0,0,0,1
433878,0,1,0,0,1,0,0,0,0,0,0,0,0,0,1,0,0,0
43458,0,0,0,0,0,0,0,0,0,0,0,0,0,0,0,0,0,0
434757,0,0,0,1,0,0,0,0,0,0,0,0,0,0,0,0,0,0
43552,0,1,0,0,0,0,1,0,0,0,1,0,1,1,0,0,1,0
436931,0,0,0,0,0,0,0,0,0,0,0,0,0,0,0,0,1,0
438137,0,0,0,0,0,0,0,0,0,0,0,0,0,0,0,0,0,0
43832,1,0,0,0,0,0,1,0,0,0,1,0,0,0,0,0,0,0
438435,1,0,0,0,1,0,0,0,0,0,0,0,0,0,0,0,0,0
438471,0,0,0,0,0,0,1,1,0,0,0,0,0,0,0,0,0,0
438747,0,0,0,1,0,0,0,1,0,0,0,0,0,1,0,0,0,0
43925,0,0,0,1,0,0,1,0,0,0,0,0,0,0,1,0,1,0
43939,0,0,0,0,0,0,1,0,0,0,1,0,1,0,0,0,1,0
44040,0,0,0,0,0,0,1,0,1,0,0,0,0,0,0,0,0,0
44048,0,0,0,0,1,0,1,0,0,0,0,0,0,0,0,0,1,0
440596,0,0,0,0,0,0,1,0,0,0,0,0,0,1,1,0,0,0
440597,0,1,0,0,0,0,0,0,1,0,0,0,0,0,0,0,0,0
440642,1,1,0,0,0,0,0,0,0,0,0,0,0,0,1,0,0,0
44264,0,0,1,0,0,0,1,1,0,0,1,0,0,0,0,0,0,0
443319,0,0,0,0,0,0,1,1,0,1,0,0,0,0,0,0,0,1
44363,1,0,0,0,0,0,0,0,1,0,1,0,0,0,1,0,1,0
444066,1,0,1,1,0,0,1,0,0,1,0,0,0,0,0,0,0,0
445962,0,0,0,0,0,0,0,0,0,0,0,0,0,0,1,0,1,0
4460,0,0,0,1,0,0,1,0,1,0,0,0,0,0,0,0,0,0
4461,0,0,0,0,0,0,1,0,0,0,0,0,0,0,0,0,0,1
44639,0,0,0,0,0,0,1,0,0,0,0,0,0,0,0,0,0,0
44685,0,0,0,1,0,0,0,0,0,0,0,0,0,0,0,0,0,0
44691,0,1,0,0,0,0,0,0,0,0,0,0,0,0,0,0,0,0
446930,1,1,0,0,0,0,0,0,0,0,0,0,0,0,0,0,1,0
44727,1,1,1,0,0,0,0,0,0,0,0,0,0,0,0,0,0,0
447387,1,1,0,0,0,0,0,0,0,0,0,0,0,0,0,0,1,0
44749,1,1,0,0,0,0,0,0,0,0,0,0,0,0,0,0,0,0
44769,0,0,0,1,0,0,0,0,0,0,0,0,0,0,0,0,0,0
44943,0,0,0,0,0,0,1,0,0,0,0,0,0,0,1,0,0,0
449443,1,1,0,0,0,0,1,0,0,0,0,0,0,0,1,0,0,1
44992,1,0,0,0,0,0,0,0,0,0,1,0,0,0,0,0,0,0
450932,1,0,0,0,0,0,1,0,0,0,0,0,0,0,0,0,0,0
4513,1,0,0,0,0,0,0,0,1,0,0,0,1,0,0,0,0,0
4515,0,0,0,0,0,0,0,0,0,0,0,0,0,0,0,0,0,0
45162,0,0,0,0,0,0,1,0,0,0,0,0,0,0,1,0,0,0
4517,0,0,0,0,0,0,1,0,0,0,0,0,0,0,1,0,0,0
451995,0,1,0,0,0,0,0,1,0,0,0,0,0,0,0,0,0,0
452571,1,0,0,0,0,0,0,0,0,0,0,0,0,0,0,0,0,0
45267,0,0,0,0,1,0,1,0,0,0,0,0,0,0,0,0,0,0
45287,0,1,0,0,0,0,0,0,1,0,0,0,0,0,0,0,0,0
452895,1,0,0,0,1,0,0,0,0,0,0,0,0,1,0,0,0,0
45295,0,0,1,0,1,0,0,0,0,0,0,0,0,0,0,0,0,0
453008,0,0,0,0,1,0,1,0,0,0,0,0,1,0,1,0,1,0
45318,0,0,0,0,0,0,1,0,0,1,0,0,0,1,0,0,0,1
4539,1,0,0,0,0,0,1,0,0,0,0,0,1,0,0,0,1,1
454699,0,0,1,0,0,0,1,0,0,0,0,0,0,1,0,0,0,0
454774,0,0,0,0,0,0,1,0,0,0,0,0,0,0,0,0,0,0
455816,0,0,0,0,1,0,0,1,0,0,0,0,0,0,0,0,0,0
456048,0,0,0,0,0,0,0,0,0,0,0,0,0,0,1,0,1,0
45650,1,0,0,1,1,0,1,0,0,0,0,0,0,0,0,0,0,0
45657,1,0,0,0,0,0,0,0,0,0,0,0,0,0,0,0,0,0
456635,0,0,0,1,0,0,0,0,0,0,0,0,0,0,0,0,0,0
45706,1,0,0,0,0,0,1,0,0,0,0,0,0,0,0,0,0,0
457064,0,0,0,1,0,0,1,0,0,0,0,0,0,0,0,0,0,0
45726,0,0,0,0,1,0,1,0,0,0,0,0,0,0,0,0,0,0
457262,0,0,0,0,0,0,1,0,0,0,0,0,0,0,0,0,0,0
45759,0,0,0,0,0,0,0,1,1,0,1,0,1,0,0,0,0,0
457710,0,0,0,0,0,1,0,0,0,0,0,0,0,1,0,0,1,0
45778,0,0,0,0,0,0,1,0,0,0,0,0,1,1,1,0,0,0
45779,0,0,0,0,0,0,1,0,0,0,0,0,0,0,0,0,0,0
457962,0,0,0,0,0,0,1,0,0,0,0,0,0,0,1,0,0,0
45970,0,0,0,1,0,0,0,0,1,0,0,0,0,0,0,0,0,0
459928,1,0,1,0,0,0,1,0,0,0,0,0,0,0,0,0,0,0
459947,1,0,0,0,0,0,1,0,0,0,1,0,0,0,0,0,0,0
460135,0,0,0,0,0,0,0,1,0,0,1,0,0,0,0,1,0,0
46041,0,0,0,0,1,0,1,0,0,0,0,0,0,0,0,0,1,1
46221,0,0,0,0,0,0,1,0,0,0,0,0,0,0,1,0,0,0
46261,0,0,0,0,0,0,1,0,1,0,0,0,0,0,0,0,1,0
46269,1,1,0,0,0,0,0,1,0,0,0,0,0,0,0,1,0,1
4638,0,0,0,0,0,0,1,0,0,0,0,0,0,0,0,0,1,0
46429,0,0,0,1,0,0,1,0,1,0,1,0,0,0,0,0,0,0
46441,0,1,0,0,0,0,0,0,1,0,0,1,0,1,0,0,0,0
464867,1,0,0,1,0,0,1,0,0,0,0,0,0,0,0,0,1,0
46689,0,0,0,0,0,0,1,0,0,0,0,0,0,0,0,0,0,0
467062,0,0,0,1,0,0,0,0,0,0,0,0,0,1,0,0,0,0
467253,0,0,0,1,0,0,0,1,0,0,0,0,0,0,0,0,0,0
46838,1,0,0,1,0,0,0,0,0,0,0,0,0,0,0,0,0,0
46845,0,0,0,0,0,0,1,0,0,0,0,0,0,0,0,0,0,0
469980,0,0,0,0,0,0,1,0,0,0,0,0,0,0,0,0,1,0
470721,0,0,0,1,1,0,1,0,0,0,0,0,0,0,0,0,0,0
470878,1,0,0,0,0,0,1,0,0,0,0,0,0,0,0,0,0,0
471493,1,0,0,0,0,0,1,0,0,0,0,0,1,0,0,0,0,0
47200,1,1,0,0,1,0,0,1,0,0,0,0,0,1,0,0,0,0
4723,0,0,0,1,0,0,1,0,0,0,0,0,0,0,0,0,0,0
47244,0,0,0,1,1,0,0,0,0,0,0,0,0,0,0,0,0,1
47263,0,0,0,1,0,0,1,0,0,0,0,0,0,1,0,0,1,1
47327,1,0,0,0,0,0,1,0,0,0,0,0,0,0,0,0,1,0
473313,0,0,0,0,0,0,0,0,0,0,0,0,0,0,0,0,0,0
473408,0,0,0,0,0,0,0,0,0,0,0,0,0,1,0,0,0,0
473415,0,0,0,0,0,0,1,0,0,0,0,0,0,1,0,0,0,0
47354,0,0,0,1,0,0,0,0,0,0,0,0,0,1,0,0,1,0
474047,0,0,1,0,1,0,0,0,0,0,0,0,0,0,0,0,0,0
47533,1,1,0,0,0,0,1,0,0,0,0,0,0,0,0,0,0,0
476275,1,0,0,0,0,0,1,0,0,0,0,0,0,1,0,0,0,0
476549,0,0,0,1,0,0,0,0,0,0,0,0,0,0,0,0,0,0
4772,0,0,0,0,0,0,1,0,0,0,0,0,0,0,0,0,0,0
47854,1,1,0,0,0,0,1,0,0,0,0,0,0,0,0,0,0,0
479,0,0,0,0,0,0,0,0,1,0,0,0,0,0,1,0,0,0
47931,0,1,0,0,0,0,0,0,0,0,0,0,0,0,0,0,0,1
47964,0,1,0,0,0,0,0,0,0,0,1,0,0,0,0,0,1,0
481252,0,0,0,0,0,0,1,0,0,0,0,0,0,0,0,0,0,0
48138,0,0,0,0,1,0,1,0,0,0,0,0,0,0,0,0,1,0
48211,1,0,0,0,0,0,1,0,0,0,1,0,0,0,0,0,0,0
482114,0,0,0,0,0,0,0,0,0,1,0,0,1,0,0,0,0,0
4824,0,0,0,0,0,0,0,0,0,0,0,0,0,0,0,0,0,1
483,0,0,0,0,1,0,1,0,0,0,0,0,0,0,0,0,1,0
48340,1,0,0,0,0,0,1,0,0,0,0,0,1,0,0,0,1,0
484510,0,0,1,1,1,0,0,1,0,0,0,0,0,1,0,0,0,0
48466,0,0,0,1,1,0,0,0,0,0,0,0,0,1,0,0,0,0
485774,0,0,0,0,0,0,1,0,0,0,0,0,0,0,0,0,0,0
486011,0,0,0,1,0,0,1,0,0,0,1,0,0,0,0,0,0,0
48624,1,1,1,0,1,0,1,0,0,1,0,0,0,1,0,0,0,0
48669,1,1,1,0,0,0,0,0,0,0,0,0,0,0,1,0,1,0
48677,0,0,0,1,0,0,1,0,0,0,0,0,0,0,0,0,1,0
4889,0,0,0,0,0,0,1,1,0,0,0,0,0,0,0,0,1,0
49009,1,0,0,0,0,0,0,0,0,0,0,0,0,0,1,0,1,0
49017,1,0,0,0,0,0,1,0,0,0,0,0,0,0,0,0,1,0
49018,0,0,0,0,1,0,0,0,0,0,1,0,0,0,0,0,0,0
49040,1,0,0,0,0,0,0,0,0,0,0,0,0,0,1,0,1,0
49049,1,1,0,0,0,0,0,0,0,0,0,0,1,0,0,0,0,0
4909,0,1,1,1,0,0,1,0,0,0,1,0,0,0,0,0,0,0
4935,1,0,0,1,0,0,1,0,0,0,0,0,0,0,0,0,0,0
49365,0,0,0,1,0,0,1,0,0,0,0,0,0,0,0,0,0,0
49494,0,0,0,0,0,0,1,0,0,0,0,0,1,0,0,0,0,0
49519,0,0,0,0,0,0,1,0,0,0,0,0,0,1,0,0,0,0
49524,1,1,0,0,1,0,1,0,0,0,0,0,0,0,0,0,1,0
4961,0,0,0,1,0,0,0,0,0,0,0,0,0,0,0,1,0,0
4970,0,0,0,0,0,0,0,0,1,1,0,0,0,0,0,0,0,0
49730,1,1,0,0,0,0,0,0,0,1,0,0,0,0,0,0,0,0
49797,0,0,0,1,0,1,1,0,0,0,1,0,0,0,0,0,0,0
4984,0,1,0,1,0,0,1,0,0,0,0,0,1,0,0,0,0,1
4997,0,0,0,1,0,0,0,0,0,0,0,0,0,0,0,0,0,0
50056,1,0,0,0,0,0,0,0,0,0,1,0,0,1,0,0,0,0
50081,0,0,0,0,0,0,0,0,0,0,0,0,0,0,0,0,0,0
501,0,0,0,1,0,0,1,0,0,0,0,0,0,0,0,0,0,0
50275,1,0,0,0,0,0,1,0,0,0,0,0,1,1,0,0,0,0
50337,1,0,0,0,1,0,0,0,0,0,0,0,0,0,1,0,0,0
50346,0,0,0,0,0,0,1,0,1,0,0,0,0,0,0,0,1,0
50357,0,0,0,0,0,0,1,0,0,1,1,0,0,0,0,0,0,0
506,1,1,0,1,0,0,1,0,0,0,0,0,0,0,0,0,0,0
5062,1,1,0,0,0,0,1,0,0,0,0,0,0,0,0,0,0,0
50671,0,0,0,0,0,0,0,0,0,0,0,0,0,0,0,0,1,0
50698,1,0,0,0,0,0,0,0,0,0,1,0,0,0,0,0,1,0
5071,0,1,1,0,1,0,1,0,1,0,0,0,0,1,0,0,0,0
50723,0,1,0,0,0,0,0,0,0,0,0,0,0,0,0,0,0,0
50838,0,0,0,0,0,0,1,0,0,0,0,0,0,0,0,0,1,0
51137,0,1,1,0,0,0,0,1,0,0,0,0,0,0,0,0,0,0
51245,0,0,0,0,0,0,1,0,0,0,0,0,0,0,0,0,1,0
51248,0,0,1,0,0,0,1,0,0,0,0,0,1,0,0,0,1,0
51250,1,1,0,0,0,0,0,0,0,0,0,0,0,0,1,0,0,0
5168,1,0,0,0,0,0,1,0,0,0,0,0,0,0,1,0,0,0
5172,0,0,0,1,0,0,1,0,0,0,0,0,0,0,0,0,0,0
51999,0,1,0,0,0,0,1,0,0,0,0,0,0,0,0,0,0,0
5204,0,0,0,0,1,0,1,0,0,0,0,0,0,0,1,0,0,0
52056,0,1,1,0,1,0,0,1,0,0,0,0,0,0,0,0,1,1
52868,0,1,0,1,0,0,1,0,0,0,0,0,0,0,0,0,0,0
530,0,1,1,1,0,0,0,0,0,0,0,1,0,1,0,0,0,0
53045,0,0,0,0,0,0,0,0,0,0,0,0,0,0,0,0,0,0
53264,1,0,0,0,0,0,0,0,1,0,1,0,0,0,0,0,0,0
535,0,0,0,1,0,0,1,0,0,0,0,0,0,0,0,0,0,0
53985,0,0,0,0,0,0,0,0,0,0,0,0,0,1,0,0,0,0
54054,0,1,0,1,0,0,0,1,0,0,0,0,0,0,0,0,0,0
541,0,0,0,0,0,0,1,0,0,0,0,0,0,0,0,0,0,0
54113,0,0,0,1,0,0,1,0,1,0,0,0,0,0,0,0,0,0
54271,0,0,0,1,0,0,1,1,0,0,0,0,0,0,0,0,0,0
54293,0,0,0,0,0,0,1,0,0,0,0,0,0,0,0,0,0,0
54318,0,0,0,1,0,0,1,1,0,0,0,0,0,0,0,0,0,0
54712,0,0,0,0,1,0,0,0,0,1,0,0,0,0,0,0,0,0
5491,0,0,0,1,0,0,1,0,0,0,0,1,0,0,0,0,0,0
5503,0,0,0,0,0,0,0,0,0,0,1,0,0,0,0,0,1,0
5516,0,0,0,1,0,0,0,0,0,0,0,0,0,0,0,0,0,1
55208,1,0,0,0,0,0,0,0,1,0,0,0,0,0,0,0,1,0
55341,0,1,0,1,0,0,1,0,0,0,1,0,1,0,0,0,1,0
5544,0,0,0,1,0,0,1,0,0,0,0,0,0,0,0,0,0,0
5552,1,0,0,1,1,0,0,0,0,0,0,0,0,0,0,0,0,0
55604,0,0,0,0,0,0,0,0,0,1,0,0,0,0,0,0,1,0
55650,0,0,0,1,0,0,1,0,1,0,0,0,0,0,0,0,0,0
55863,1,0,0,0,0,0,0,0,0,0,0,0,0,1,0,0,0,0
56188,1,0,0,0,1,0,1,0,0,0,0,0,0,0,0,0,0,0
562,0,0,0,1,1,0,0,0,0,0,0,0,0,1,0,0,0,0
5622,0,0,0,0,0,0,0,0,0,0,0,0,1,0,0,0,0,0
56590,1,1,0,0,0,0,0,0,0,0,0,0,0,0,1,0,1,0
56685,1,0,0,0,0,0,0,0,0,0,0,0,0,0,0,0,0,0
56765,0,0,0,0,0,0,0,0,1,0,0,0,0,1,1,0,0,0
5677,1,0,0,0,0,0,0,0,0,0,0,1,1,0,0,0,1,0
5689,0,1,1,0,0,0,1,1,0,0,0,0,1,0,0,0,0,1
56906,0,0,0,0,1,0,0,0,0,0,0,0,0,0,1,0,0,0
572,0,0,0,1,0,0,1,0,0,0,0,0,0,0,0,0,0,0
5723,0,0,0,0,1,0,1,0,0,0,0,0,0,1,0,0,0,0
57310,1,1,0,1,0,0,1,0,1,1,1,0,1,0,0,0,0,1
57586,0,0,0,0,0,0,1,0,0,0,0,0,0,1,0,0,0,0
578,0,0,0,0,0,0,1,0,0,0,0,0,0,1,0,0,1,0
5780,0,1,0,1,0,0,0,1,0,0,0,0,0,1,1,0,0,0
57876,0,0,0,0,0,0,0,0,0,0,0,0,0,0,0,0,0,0
579,1,0,0,0,0,0,1,0,0,0,0,0,0,0,0,0,0,0
57993,0,0,1,0,0,0,1,0,0,1,1,0,0,0,0,0,0,1
581,0,0,0,0,0,0,0,0,0,0,0,0,0,0,0,0,0,0
58151,0,0,0,0,1,0,1,0,0,0,0,0,1,0,0,0,1,0
5817,0,0,0,1,0,0,1,0,0,0,0,0,0,1,0,0,0,0
5842,1,0,0,0,1,0,0,0,1,0,0,0,0,0,0,0,0,0
58428,0,0,0,0,0,0,1,0,0,0,0,0,0,0,0,0,1,0
58434,0,0,0,0,0,0,1,0,0,0,0,0,0,0,0,0,0,0
58496,0,0,0,0,0,0,0,0,1,0,0,0,0,0,0,0,0,0
5854,0,0,0,1,1,0,1,0,0,0,0,0,0,0,0,0,0,0
58595,1,1,0,0,0,0,0,0,0,0,0,0,0,0,0,0,1,0
58626,0,0,0,0,0,0,1,0,0,0,0,0,1,0,0,0,1,0
587,0,0,0,0,0,0,1,0,0,0,0,0,0,0,0,0,0,0
58731,0,0,0,0,0,0,1,0,0,0,0,0,0,0,0,0,0,0
5876,1,0,0,0,0,0,0,0,0,0,0,0,1,0,0,0,0,0
58925,0,0,0,0,0,0,1,0,0,0,0,0,0,0,0,0,0,1
58933,1,1,0,0,0,0,1,0,0,0,0,0,0,0,0,0,0,1
591,0,0,0,0,1,0,1,0,0,0,0,0,0,0,0,0,1,0
59115,0,0,0,0,0,0,1,0,0,0,1,0,0,0,1,0,0,0
59145,0,0,0,0,1,0,0,0,0,0,1,0,0,0,0,0,1,0
5915,0,0,0,0,0,0,1,0,0,0,0,0,0,0,0,0,0,0
5919,0,0,0,0,0,0,1,0,0,0,1,0,0,1,1,0,0,0
59297,0,0,0,0,0,0,1,0,1,0,0,0,0,0,0,0,0,0
59392,0,0,0,0,0,0,0,0,0,0,0,0,0,0,1,0,1,0
59436,0,0,0,0,0,0,0,0,0,0,0,0,0,0,0,0,0,0
59474,1,1,0,0,0,0,0,0,0,0,1,1,1,0,0,0,0,0
5971,0,0,0,0,0,0,0,0,0,0,0,0,0,0,0,0,0,0
59881,0,0,0,0,0,0,0,0,0,0,0,1,0,0,0,0,0,1
59961,1,1,1,0,1,0,0,0,1,0,1,0,0,0,0,0,1,0
59962,0,0,0,1,0,0,0,0,0,0,0,0,0,0,0,0,0,0
59965,1,0,0,0,0,0,0,0,0,0,0,0,0,0,0,0,1,0
60086,0,1,0,0,0,0,1,0,1,0,0,0,0,0,0,0,0,0
60163,1,0,0,0,0,0,0,0,0,0,0,0,0,1,0,0,0,0
60216,0,0,0,0,0,0,0,0,0,0,0,0,0,0,0,0,1,0
60234,0,1,0,0,0,0,0,0,0,0,1,0,0,0,0,0,1,0
603,0,0,0,0,0,0,0,0,0,0,0,0,0,0,1,0,1,0
60309,1,0,0,1,0,0,1,0,0,0,0,0,0,0,0,0,1,0
60378,1,0,0,1,0,0,0,0,0,0,0,0,0,0,0,0,0,0
60575,0,0,0,0,0,0,1,0,0,0,0,0,0,0,0,0,0,0
6058,0,0,0,1,0,0,1,1,0,0,0,0,0,0,0,0,1,0
60747,1,0,0,0,1,0,1,0,0,1,0,0,1,1,0,0,1,1
60821,0,0,0,0,0,0,1,0,0,0,0,0,0,1,0,0,0,0
60895,0,0,1,1,0,1,0,0,0,0,1,0,0,0,0,1,0,0
61005,0,0,0,1,0,0,0,0,0,0,0,0,0,1,0,0,0,0
61012,1,0,1,0,0,0,0,0,0,0,1,0,0,0,0,0,0,0
61038,0,0,0,1,0,0,0,1,0,0,0,0,0,1,0,0,0,0
6114,0,0,0,0,0,0,1,0,0,0,0,0,0,1,0,0,1,0
612,0,0,0,1,0,0,0,0,0,0,0,0,0,0,0,0,1,0
6145,0,0,0,0,1,0,0,0,0,0,0,0,0,0,1,0,1,0
61755,0,1,1,1,0,0,0,0,1,0,1,0,0,0,1,0,0,0
62177,0,0,0,0,0,0,1,1,0,0,1,0,0,0,0,0,0,0
622,0,0,0,1,0,0,1,0,0,0,0,0,0,0,0,0,0,0
62204,1,0,0,0,0,0,1,0,0,0,0,0,0,0,0,0,0,0
62320,1,0,0,1,0,0,1,0,0,0,0,0,1,0,0,0,0,0
624,0,0,0,0,0,0,0,0,0,0,0,0,0,1,0,0,1,0
62630,0,0,0,0,0,0,1,0,0,0,0,0,1,0,0,0,1,0
628,0,0,0,0,0,0,0,0,0,0,0,0,0,0,0,0,1,0
62837,0,0,0,0,0,0,1,0,0,0,0,0,0,0,0,0,0,1
630,0,0,0,0,0,0,1,0,0,0,0,0,0,1,0,0,0,0
63207,0,0,0,0,0,0,0,0,0,0,0,0,1,1,0,0,1,0
63297,0,0,0,1,0,0,0,0,0,0,0,0,0,0,1,0,1,0
63348,0,0,0,0,0,0,0,0,0,0,0,0,0,0,0,0,0,0
635,0,0,0,0,0,0,1,0,0,0,0,0,0,0,1,0,0,0
63686,0,0,0,0,0,0,1,0,0,0,0,0,0,0,0,0,0,0
63710,0,1,1,0,0,0,0,0,0,0,0,0,0,1,0,0,0,0
63762,0,0,0,1,0,0,0,0,0,0,0,0,0,0,0,0,0,0
64131,0,0,1,1,0,0,1,0,0,0,0,1,0,0,0,0,1,0
64288,0,0,0,0,0,0,1,0,0,0,1,0,0,0,0,0,1,0
64688,0,1,0,0,0,0,0,0,0,0,0,0,0,0,0,0,0,0
64777,0,0,1,0,0,0,0,0,1,0,0,0,0,1,0,0,0,0
64809,0,0,1,0,0,0,1,0,0,0,0,0,0,0,1,0,0,0
6488,0,0,0,1,0,0,0,0,0,0,0,0,0,0,0,0,1,0
6498,0,0,0,0,0,0,0,0,0,0,0,0,0,0,0,0,0,0
65055,1,0,0,0,1,0,1,0,1,0,0,0,0,0,0,0,0,0
6520,0,1,0,0,0,0,0,0,0,0,0,0,0,0,0,0,0,0
65203,0,0,0,1,0,0,1,0,0,0,0,0,0,0,0,0,0,0
65754,1,0,0,0,0,0,1,0,0,0,0,0,0,0,0,0,1,0
66150,0,0,0,0,1,0,1,0,0,0,0,0,0,0,0,0,0,0
662,1,1,0,0,0,0,0,1,0,0,0,0,0,0,0,0,1,0
6623,0,1,0,0,1,0,0,0,0,0,0,0,0,0,0,0,0,0
6637,0,0,0,0,1,0,1,0,0,0,0,0,0,0,0,0,0,0
665,0,0,0,1,1,0,0,0,0,0,0,0,0,1,0,0,0,0
66767,1,1,0,1,0,0,0,0,0,0,0,0,0,0,0,0,1,0
670,1,0,0,1,0,0,0,0,0,0,0,1,0,0,0,0,0,0
671,0,0,0,1,0,0,1,1,0,0,0,0,0,0,0,0,0,0
6715,0,0,0,0,0,0,0,0,0,0,0,0,0,1,0,0,0,0
672,1,1,0,0,0,0,0,0,0,0,0,0,0,0,0,0,0,0
673,0,0,0,1,0,0,1,0,0,0,0,0,0,0,0,0,0,0
674,0,0,0,0,0,0,0,0,0,0,0,0,0,0,0,0,0,0
67615,0,0,0,0,0,0,1,0,0,0,0,0,0,0,0,0,0,0
677,0,0,0,1,1,0,1,0,0,1,0,0,0,0,0,0,0,1
68052,0,0,0,0,0,0,1,0,0,0,0,0,0,1,0,0,0,0
68179,0,0,0,0,0,0,0,0,0,0,0,0,0,0,0,0,0,0
685,1,1,0,0,0,0,1,0,0,0,0,0,0,0,0,0,1,0
68727,0,0,0,0,0,0,0,0,0,0,1,0,0,0,0,0,0,0
68728,0,1,0,0,0,0,0,0,0,0,1,0,0,0,1,0,0,0
68817,1,0,0,0,1,0,1,0,0,0,0,0,0,0,0,0,0,0
68954,0,0,1,0,0,0,0,0,1,0,0,0,0,0,0,1,0,0
68995,1,0,0,0,1,0,0,0,0,1,0,0,0,0,1,0,0,0
69,0,1,1,0,0,0,1,0,0,0,0,0,0,1,0,0,1,0
6933,0,0,0,0,0,0,1,0,0,0,0,0,0,0,0,0,1,0
694,0,0,0,0,0,0,1,0,1,1,0,0,0,1,0,0,0,0
6948,1,0,1,0,1,0,0,0,0,0,0,0,0,0,0,0,1,0
6951,0,0,1,0,1,0,1,0,0,0,0,0,0,0,0,0,1,0
6972,0,0,0,1,0,0,0,0,0,0,0,0,0,1,0,0,0,0
69735,1,0,0,0,0,0,1,0,0,0,0,0,0,0,0,0,1,0
70009,1,0,0,0,0,0,0,0,1,0,0,0,0,0,0,0,0,0
7010,0,0,0,0,0,0,0,0,0,0,0,0,0,0,0,0,1,0
70196,0,0,0,0,0,0,1,0,0,0,0,0,0,0,0,0,1,0
70435,0,0,0,0,1,0,1,0,0,0,0,0,0,0,0,0,1,0
70577,1,0,0,0,1,0,0,0,1,0,0,0,1,0,0,0,0,0
70590,1,0,0,0,0,0,0,0,0,0,0,0,0,0,1,0,0,0
7093,0,0,0,0,0,0,1,1,0,0,0,0,0,0,0,0,0,0
7095,0,1,1,0,0,0,0,1,1,0,0,0,1,1,0,0,0,0
71,0,0,0,0,0,0,1,0,0,0,0,0,0,0,0,0,0,0
71203,1,0,1,0,1,0,1,0,0,0,0,0,0,0,0,0,0,0
71550,0,0,0,1,0,0,1,0,0,0,0,0,0,0,1,0,1,0
71622,1,0,0,0,1,0,1,0,0,0,0,0,0,0,0,0,1,0
71672,1,0,0,0,0,0,1,0,0,0,0,0,0,0,0,0,1,0
71677,1,0,1,0,0,0,0,0,0,0,0,0,0,0,1,0,0,1
7183,0,0,0,0,0,0,1,0,0,0,1,0,0,0,0,0,1,0
71900,0,0,0,1,1,0,1,0,0,0,0,0,1,0,0,0,0,0
72013,1,0,0,0,0,0,0,0,0,0,0,0,0,0,1,0,1,0
7220,1,0,0,0,0,0,1,0,0,0,0,0,1,0,0,0,1,0
72334,0,0,0,1,0,0,1,0,0,1,0,0,1,0,0,0,0,0
72431,0,0,0,0,0,0,1,0,0,0,0,0,0,0,0,0,1,0
72477,1,0,0,0,0,0,1,0,0,0,0,0,0,0,0,0,1,0
72784,1,0,0,0,0,0,0,0,0,0,0,0,0,0,0,0,0,0
73245,1,0,0,1,0,0,0,0,0,0,0,0,0,1,1,0,0,0
73290,0,1,0,0,1,0,0,0,0,0,0,0,0,0,0,0,1,0
7340,0,0,0,0,0,0,1,0,0,1,0,0,0,0,0,0,0,0
7341,1,0,1,1,0,0,0,0,0,0,1,1,1,0,0,0,1,0
7347,1,0,0,0,1,0,0,0,0,0,0,0,0,0,0,0,1,0
73499,0,0,0,0,0,0,1,0,0,0,0,0,0,0,0,0,1,0
73700,0,0,1,0,0,0,0,0,0,0,0,0,0,0,0,0,0,0
73818,0,0,0,0,1,0,0,0,0,0,0,0,0,0,1,0,1,0
73943,1,1,0,0,0,0,1,0,0,0,1,0,1,0,1,0,1,0
74394,0,0,0,1,0,0,1,0,0,0,0,0,0,1,0,0,0,0
7459,1,1,0,0,0,0,1,0,1,0,0,0,0,0,0,0,0,0
747,1,1,0,0,1,0,0,0,0,0,0,0,1,0,0,0,0,0
74901,0,0,0,1,0,0,0,0,0,0,0,1,0,0,0,0,0,0
75074,1,0,0,1,0,0,0,0,0,0,0,0,0,0,0,0,1,0
75363,0,0,0,0,0,0,0,0,0,0,0,0,0,0,0,0,0,0
755,0,0,0,0,0,0,1,0,0,0,0,0,0,0,0,0,0,1
7555,1,0,0,0,0,0,0,0,0,0,0,0,0,0,1,0,0,0
75624,0,0,0,0,1,0,0,0,0,0,0,0,0,0,0,0,0,0
75638,0,0,0,0,1,0,1,0,0,0,1,0,0,0,0,0,1,0
75674,0,1,0,0,0,0,0,0,0,0,0,0,0,0,0,0,0,0
75761,0,1,0,1,0,0,1,1,1,0,0,0,1,0,0,0,0,0
75861,0,0,0,0,0,0,1,0,0,0,0,0,0,1,0,0,0,0
75938,0,0,0,0,1,0,1,0,0,0,0,0,0,0,0,0,0,0
76285,1,0,0,0,0,0,1,0,0,0,0,0,0,0,1,0,0,0
763,0,0,0,1,0,0,0,0,0,0,0,0,0,0,0,0,1,0
76349,0,0,0,0,0,0,0,0,0,0,0,0,0,0,1,0,1,0
76487,1,0,0,0,0,0,0,0,0,0,0,0,1,0,0,0,0,0
76535,0,1,0,0,0,0,0,0,0,0,0,0,0,1,0,0,0,0
76617,0,0,0,0,0,0,0,0,0,0,1,0,0,1,0,0,0,0
767,1,0,0,0,0,0,0,0,0,0,0,0,0,0,0,0,0,0
768,1,0,0,0,0,0,1,0,0,0,0,0,0,0,0,0,0,0
76812,0,0,0,0,0,0,0,0,0,0,0,0,0,0,0,0,0,0
77,0,1,0,0,1,0,0,1,0,1,0,0,0,0,0,0,0,0
772,0,0,0,0,0,0,1,1,0,0,0,0,0,0,0,0,0,0
77221,0,1,0,0,0,0,0,0,0,0,0,0,0,1,0,0,0,0
77234,1,0,0,0,1,0,0,0,0,0,0,0,0,0,0,0,0,0
77495,0,0,0,0,0,0,1,0,0,0,0,0,0,1,0,0,0,0
77663,0,0,0,0,0,0,1,0,0,0,0,0,0,0,0,0,1,1
77883,0,1,0,0,0,0,0,0,0,0,1,0,0,0,0,0,1,0
77948,1,0,0,0,1,0,0,0,1,0,0,0,0,0,1,0,0,0
77949,0,0,0,0,0,0,0,0,0,0,1,0,1,0,0,0,0,0
78192,0,0,0,0,0,0,0,0,0,0,0,0,0,1,0,0,0,0
782,0,0,0,0,0,0,0,0,0,0,0,0,0,0,0,0,1,0
78381,0,0,0,0,0,0,1,1,1,0,0,0,0,0,0,0,0,0
78394,0,0,0,0,0,0,1,1,1,0,0,0,0,0,1,0,0,1
784,0,0,0,0,0,0,1,0,0,0,0,0,0,0,0,0,0,0
78461,0,0,0,0,0,0,1,0,0,0,0,0,0,0,0,0,0,0
78570,0,1,1,1,0,0,0,0,0,0,0,0,0,0,0,0,0,0
786,0,0,0,0,0,0,0,0,0,0,0,0,1,0,0,0,0,0
78694,0,0,1,1,0,0,1,0,0,0,0,0,0,0,0,0,0,0
78698,0,0,0,0,0,0,1,0,0,0,0,1,0,0,0,0,0,0
79,1,1,0,0,1,0,0,0,0,0,0,0,0,0,0,0,0,0
79082,1,0,0,0,0,0,0,0,0,0,0,0,0,0,0,0,1,0
79218,0,0,0,1,0,0,0,1,0,0,0,0,0,0,0,0,0,0
793,0,0,1,0,0,0,1,1,0,0,0,0,0,0,0,0,0,0
794,0,0,0,1,0,0,0,0,0,0,0,0,0,0,0,0,0,0
79433,0,0,0,0,1,0,0,0,0,0,1,1,0,0,0,0,0,0
79591,1,0,0,0,0,0,1,0,0,1,0,0,1,1,0,0,1,0
79628,0,0,0,1,0,0,1,0,0,0,0,0,0,1,0,0,0,0
79694,1,0,0,0,0,0,0,0,0,0,0,0,1,0,1,0,1,0
7985,0,0,0,1,0,0,1,0,0,0,0,0,0,0,0,0,0,0
79893,1,0,0,1,0,0,1,0,0,0,0,0,0,0,0,0,1,0
79896,0,0,0,0,0,0,0,0,0,0,0,0,0,0,0,0,0,0
80035,1,1,0,1,0,0,1,0,0,0,0,0,0,0,0,0,0,0
8012,0,0,0,1,0,0,0,1,0,0,0,0,0,0,0,0,0,0
80184,1,0,1,0,0,0,1,0,0,0,0,0,0,0,0,0,1,0
80215,0,0,0,0,0,0,1,0,0,0,0,0,0,0,0,0,0,0
80384,0,0,0,0,0,0,0,0,0,0,0,0,0,0,1,0,0,1
8043,0,1,0,0,1,0,1,0,0,0,0,0,1,1,1,0,1,0
80518,1,0,1,0,0,0,1,0,0,0,0,0,0,0,0,0,0,0
8054,1,0,0,0,0,0,0,0,1,0,1,0,0,0,0,0,1,0
80767,0,0,1,0,0,0,1,0,0,0,0,0,0,0,0,0,0,0
8090,0,0,0,1,1,0,0,0,0,0,0,0,1,0,0,0,1,0
8095,0,0,0,0,1,0,0,0,0,0,0,0,0,0,0,0,0,1
81,1,0,1,0,0,0,1,0,0,0,0,0,0,1,0,0,1,0
81033,0,0,0,1,0,0,0,0,0,0,0,0,0,0,1,0,1,0
81075,0,0,0,0,0,0,0,0,0,0,0,0,1,0,0,0,1,0
812,1,1,0,0,0,0,0,1,0,0,0,0,0,0,0,0,0,0
81210,0,1,0,1,0,0,1,0,0,0,0,0,0,0,0,0,0,0
81390,1,0,0,0,0,0,1,0,0,0,0,0,0,0,1,0,0,0
814,0,0,0,0,0,0,0,0,0,0,0,0,0,0,0,0,0,0
81446,1,0,0,0,0,0,1,0,0,0,0,0,0,0,0,0,1,0
81919,0,0,0,0,0,0,0,0,0,0,0,0,1,1,0,0,0,0
8195,0,0,0,0,1,0,0,0,0,0,0,0,0,0,0,0,0,0
8197,0,0,0,0,0,0,1,0,0,0,0,0,0,1,0,0,0,0
82,0,0,0,0,0,0,1,0,1,0,0,0,0,0,0,0,1,0
8202,1,0,0,0,0,0,0,0,0,0,0,0,0,0,0,0,1,0
8204,0,0,0,0,0,0,0,0,0,0,0,0,0,0,0,0,0,0
82390,0,0,0,1,0,0,1,0,0,0,0,0,0,0,0,0,1,0
824,0,0,0,0,0,0,1,0,0,0,0,0,0,0,0,0,0,0
82501,0,0,0,0,0,0,0,0,0,0,0,0,0,0,0,0,0,0
82507,0,0,0,0,1,0,1,0,0,0,0,0,1,0,0,0,0,0
82620,0,0,0,0,0,0,0,0,0,0,0,0,0,1,0,0,0,0
82657,1,1,1,0,1,0,1,0,1,0,0,0,1,0,0,0,0,0
8266,0,0,0,0,0,0,1,0,0,0,0,0,0,0,0,0,0,0
82695,0,0,1,0,0,0,1,0,0,0,0,0,0,1,0,0,0,0
82702,1,1,0,0,0,0,1,0,0,0,0,0,0,1,0,0,1,0
82825,0,0,0,0,0,0,0,0,0,0,0,0,0,0,0,0,0,0
829,1,0,0,1,0,0,0,0,0,1,0,0,0,0,0,0,0,0
8321,0,0,0,1,0,0,0,0,0,0,0,0,0,0,0,0,0,0
8328,0,0,0,0,1,0,1,0,0,0,0,0,0,0,0,0,0,0
8358,0,0,0,0,0,0,0,0,0,0,0,0,0,0,0,0,0,0
83770,0,0,0,0,0,0,1,0,0,0,0,0,0,0,0,0,0,0
83899,0,0,0,0,0,0,0,1,0,0,1,0,1,0,0,0,0,0
8398,0,0,0,0,0,0,1,0,0,0,0,0,0,0,0,0,1,0
84106,0,0,0,1,0,0,0,0,0,0,0,0,0,1,0,0,0,0
8413,1,0,0,0,0,0,1,0,0,0,0,0,0,0,0,0,1,0
84178,1,0,0,0,1,0,0,0,0,0,1,0,0,0,0,0,1,0
84226,0,0,0,0,0,0,1,0,0,0,0,0,0,0,0,0,0,0
84287,0,0,0,0,0,0,0,0,0,0,1,0,0,0,0,0,1,0
84332,0,0,0,1,0,0,1,1,0,0,0,1,0,0,0,0,0,0
84336,0,0,0,0,0,0,0,0,0,0,0,0,0,0,0,0,1,0
84348,0,0,0,0,1,0,1,0,1,0,0,0,1,0,0,1,1,0
84404,0,0,0,0,0,0,1,0,0,0,0,0,0,0,0,0,0,1
848,1,0,0,0,1,0,1,0,0,0,0,0,0,0,0,0,0,0
84858,1,0,0,0,0,0,1,0,0,0,1,0,0,0,0,0,0,0
84907,1,0,0,0,0,0,1,0,0,0,0,0,0,0,0,0,1,0
85446,0,0,0,0,0,0,0,1,0,0,1,0,0,0,0,0,0,0
855,0,0,0,0,0,0,1,0,0,0,0,0,0,0,1,0,1,0
85533,0,0,0,0,0,0,1,0,0,0,0,0,0,0,0,0,0,0
8555,0,0,0,1,0,0,0,0,0,0,0,0,0,0,0,0,0,0
856,0,0,0,1,0,0,1,1,0,0,0,0,0,1,0,0,0,0
85889,1,0,0,1,0,0,0,1,0,0,0,0,0,1,0,0,1,0
8617,1,0,0,1,0,0,0,0,0,0,0,0,1,0,0,0,0,0
865,1,0,0,0,0,0,1,0,0,0,1,0,0,1,0,0,0,0
86597,0,1,0,0,0,0,1,0,0,0,1,0,0,0,0,0,0,0
8681,0,0,0,0,0,0,0,0,0,0,0,0,0,0,0,0,0,0
86829,0,0,0,0,0,0,1,0,0,0,0,0,0,0,0,0,0,0
86834,0,0,0,1,0,0,1,0,0,1,0,0,0,0,1,0,1,0
871,1,0,0,0,0,0,1,0,0,0,0,0,0,0,0,0,0,0
87208,1,1,0,0,0,0,0,0,0,0,0,0,1,0,0,0,0,0
87293,1,1,0,1,0,0,1,0,0,0,0,0,1,0,0,0,1,0
8738,1,1,0,0,0,0,1,0,0,0,0,0,0,0,0,0,0,0
87516,0,0,0,0,0,0,1,0,0,0,0,0,0,0,0,0,0,0
8766,0,0,0,0,0,0,1,0,0,0,0,0,0,0,0,0,0,0
88,1,0,0,0,0,0,1,1,0,0,0,0,0,0,0,0,0,0
88005,1,0,0,1,0,0,1,0,0,0,0,0,0,1,0,0,0,0
88273,0,0,0,0,1,0,1,0,0,0,0,0,0,0,0,0,1,0
8834,0,0,0,0,0,0,0,0,0,0,0,0,0,0,0,0,0,0
8843,1,0,0,0,0,0,0,0,0,0,0,0,0,0,0,0,0,0
8867,0,0,1,0,0,0,1,0,0,0,0,0,0,0,0,0,0,0
8869,1,1,0,1,0,0,1,0,0,0,1,0,0,0,0,0,0,0
887,0,0,0,0,0,0,1,0,0,0,0,0,0,0,0,0,0,0
88794,0,0,0,0,0,0,1,0,1,0,0,0,0,0,0,0,0,0
889,1,0,0,1,1,0,0,1,0,0,0,0,0,0,0,0,0,0
8922,1,0,0,1,0,0,0,0,0,0,0,0,0,0,1,0,1,0
8963,1,0,0,0,0,0,0,1,0,0,0,0,0,0,0,0,1,0
89691,0,0,0,0,0,0,0,0,0,0,1,0,0,0,0,0,0,0
89708,1,0,1,0,1,0,1,0,1,0,0,0,0,0,0,0,0,0
8973,0,0,0,0,0,0,0,0,0,0,0,0,0,0,0,0,0,0
8978,0,0,0,0,1,0,1,0,0,0,0,0,0,0,0,0,0,0
8987,0,0,0,0,1,0,1,0,0,0,0,0,0,0,0,0,0,0
90,1,0,0,1,0,0,0,0,0,0,0,0,0,0,0,0,0,0
9007,0,0,0,1,0,0,0,0,0,0,0,0,0,1,0,0,0,0
9011,1,0,0,0,0,0,0,0,0,1,0,0,0,0,1,0,0,0
9022,0,0,0,0,1,0,1,0,0,0,0,0,0,0,0,0,0,0
9061,0,0,0,0,0,0,0,0,0,0,0,0,0,0,0,0,0,0
9074,1,0,0,1,0,0,0,1,0,0,0,0,0,0,0,0,0,0
9085,0,0,0,1,0,0,1,0,0,0,0,0,0,1,0,0,0,0
910,0,0,0,0,0,0,1,0,0,0,0,0,0,0,0,0,0,1
91088,0,1,0,0,1,0,1,0,0,0,0,0,0,0,0,0,0,0
913,0,0,0,1,0,0,0,0,0,0,0,0,0,0,0,0,0,0
91586,1,0,0,0,0,0,1,0,0,0,0,0,0,0,1,0,0,0
92000,0,0,0,0,0,0,1,0,1,0,0,0,1,0,0,0,1,0
921,0,0,0,0,0,0,1,0,0,0,0,0,0,1,0,0,0,0
92117,0,1,0,0,0,0,1,0,1,0,0,0,0,0,0,0,1,0
92591,0,0,0,1,0,0,0,0,0,0,0,0,0,0,0,0,0,0
926,0,1,0,0,1,0,1,0,0,0,0,0,0,0,0,0,0,0
9262,0,0,0,1,0,0,0,0,0,0,0,0,0,0,0,0,0,0
9277,0,0,0,1,0,0,1,0,0,0,0,0,0,0,0,0,0,0
9299,0,0,0,1,0,0,0,0,0,0,0,0,0,0,0,0,0,0
93,0,1,0,0,1,0,1,0,0,0,0,0,0,0,0,0,0,1
9314,0,0,0,1,0,0,1,0,0,0,0,0,1,0,0,0,0,0
9319,0,0,1,1,1,0,0,0,0,0,0,0,0,0,1,0,0,0
9322,0,0,1,0,1,0,0,0,0,0,0,0,0,0,0,0,0,0
93394,1,0,0,0,1,0,1,0,0,0,0,0,0,0,0,0,1,0
934,0,0,0,0,0,0,1,0,0,0,0,0,0,1,0,0,0,0
9357,1,0,0,0,0,0,0,1,0,0,0,0,0,0,0,0,0,0
9362,0,0,0,0,0,0,0,0,0,0,0,0,0,0,0,0,0,0
9378,1,0,0,0,0,0,0,0,0,0,1,0,0,1,0,0,0,0
93856,0,0,0,0,0,0,1,0,0,1,0,1,0,0,0,0,1,0
9395,1,0,0,1,0,0,0,0,0,0,1,0,0,0,1,0,0,0
9399,1,0,0,0,1,0,0,0,0,0,1,0,1,0,1,0,1,0
9405,0,0,1,1,0,0,0,0,0,0,0,0,0,0,0,0,0,0
9425,1,0,0,0,0,0,1,0,0,0,0,0,0,0,1,0,0,0
9431,0,1,0,0,0,0,0,0,0,0,0,0,0,1,0,0,0,0
94352,0,0,0,0,0,0,0,0,0,0,0,0,0,0,0,0,0,0
9437,1,0,0,0,1,0,1,0,0,0,0,0,0,0,0,0,0,0
9453,0,0,0,0,0,0,0,0,0,0,1,1,0,0,1,0,0,1
94639,0,0,0,1,0,0,1,0,1,0,0,0,0,1,0,0,0,0
9470,0,0,0,0,0,0,0,0,0,0,1,0,0,0,0,0,0,0
94706,0,0,1,0,0,0,1,0,0,0,0,0,0,0,0,0,0,0
9477,1,0,0,0,0,0,1,0,0,0,0,0,0,0,0,0,0,0
948,1,0,0,1,0,0,0,1,0,0,0,0,0,0,0,0,0,0
9481,0,0,0,0,0,0,1,0,0,0,0,0,0,0,0,0,1,0
9516,0,0,0,0,0,0,1,0,0,0,1,0,0,0,0,0,0,0
9524,1,1,0,0,0,0,1,0,0,0,0,0,0,0,0,0,0,0
9526,0,0,0,1,0,0,1,0,0,0,0,0,0,0,0,0,0,0
9534,0,1,0,0,0,0,0,1,0,0,0,0,0,0,0,0,0,0
9543,1,0,0,0,0,0,0,0,0,0,0,0,0,0,0,0,0,0
9544,1,1,0,0,0,0,0,0,0,0,0,0,0,0,0,0,1,0
9550,0,1,0,0,0,0,0,0,0,0,1,0,0,0,0,0,0,0
9555,0,0,0,0,0,0,0,0,0,0,0,0,0,0,0,0,0,0
9569,0,0,0,1,0,0,0,0,0,0,0,0,0,0,0,0,0,0
9570,0,0,0,0,1,0,0,0,0,0,0,0,0,1,0,0,0,1
9574,0,0,0,1,0,0,0,0,0,0,0,0,0,0,0,0,1,0
9588,0,0,0,1,0,0,0,0,1,0,0,0,0,0,0,0,0,0
96,0,1,0,1,0,1,0,0,0,0,0,0,0,0,1,0,1,0
9612,0,0,0,1,0,0,1,0,0,0,0,0,0,0,0,0,0,0
9624,1,0,0,0,1,0,1,0,0,0,0,0,0,0,1,0,0,1
9645,1,1,0,0,0,0,0,1,0,0,0,0,0,1,1,0,1,0
9660,0,0,0,1,1,0,1,0,0,0,0,0,0,1,0,0,0,1
96648,0,0,0,1,1,0,1,1,1,0,1,0,0,1,0,0,0,0
9666,0,1,0,1,1,0,1,0,0,1,1,0,0,0,0,0,0,0
9667,0,0,1,0,1,0,0,0,0,0,0,0,1,0,0,0,1,0
9678,0,0,0,1,0,0,1,0,0,0,0,0,0,1,0,0,0,0
9682,1,0,0,0,1,0,0,0,0,0,1,0,0,0,0,0,1,0
9691,1,0,0,0,0,0,0,0,0,0,0,0,0,0,0,0,0,0
9694,0,0,0,0,0,0,1,0,0,0,0,0,0,0,0,0,1,0
9696,1,0,1,0,0,0,0,0,0,1,1,0,0,0,1,0,0,0
97020,1,0,0,0,0,0,1,1,0,0,1,0,0,0,0,0,0,0
97051,0,0,0,0,0,0,1,0,0,0,0,0,0,1,0,0,0,0
9708,0,0,0,0,1,0,1,0,0,1,0,0,0,0,0,0,0,0
9722,0,0,0,1,0,0,1,0,0,0,0,0,0,1,0,0,0,0
9725,1,0,0,0,0,0,1,0,0,0,0,0,0,0,0,0,0,0
9727,1,0,0,0,1,0,1,0,0,0,0,0,0,0,0,0,1,0
9728,0,1,0,0,0,0,1,0,1,1,1,0,0,1,0,0,0,0
9730,0,0,1,0,0,0,1,0,0,0,0,0,0,0,0,0,0,0
9731,0,1,0,1,0,0,0,0,0,1,0,0,0,0,0,0,0,0
9754,1,0,0,1,0,0,0,0,0,0,1,0,0,0,0,0,1,0
9759,1,0,0,0,1,0,1,0,0,0,0,0,0,0,0,0,0,0
9766,0,0,0,1,0,0,1,0,0,0,0,0,0,0,0,0,0,0
9772,1,0,0,0,0,0,1,0,0,0,0,0,0,0,1,0,0,0
97795,0,0,0,0,0,0,1,0,0,0,0,0,0,1,0,0,1,0
978,0,0,0,1,0,0,1,0,0,0,0,0,0,0,0,0,0,0
97867,0,0,0,0,0,0,1,0,0,0,0,0,0,0,0,0,0,0
97872,1,0,0,0,0,0,0,0,0,0,0,0,0,0,0,0,1,1
979,0,0,0,0,1,0,1,0,0,0,0,0,0,0,0,0,0,0
9792,1,1,0,0,0,0,0,0,1,0,0,0,0,0,0,0,0,0
9793,0,1,0,0,0,0,0,0,0,0,0,0,0,0,0,0,0,0
9806,1,0,0,0,0,0,0,0,0,0,0,0,0,0,0,0,1,0
9816,0,0,0,0,0,0,0,1,0,0,0,0,0,0,0,0,0,0
9817,0,0,0,0,1,0,0,1,0,0,0,0,1,0,0,0,0,0
982,0,0,0,0,0,0,1,0,0,0,0,0,0,0,0,0,0,0
9827,1,0,0,0,0,0,1,0,0,0,0,0,0,0,0,0,0,0
9828,0,0,0,0,0,0,0,0,1,0,1,0,0,0,1,0,1,0
98339,0,0,0,0,0,0,0,0,0,0,0,0,0,0,0,0,1,0
9877,1,0,0,0,0,0,1,0,0,0,0,0,0,0,0,0,0,0
9886,0,0,0,0,1,0,1,0,0,0,0,0,0,1,0,0,0,0
9894,0,0,0,1,1,0,0,0,0,0,0,0,0,1,0,0,0,0
9902,0,0,0,0,0,0,0,0,0,0,0,0,0,0,0,0,0,0
9922,0,1,0,0,1,0,0,0,0,0,0,0,0,1,0,0,1,0
9924,1,0,0,0,1,0,0,0,0,0,1,0,0,0,1,0,0,0
993,0,0,0,1,0,0,0,0,0,0,0,0,0,1,0,0,0,0
9944,1,1,0,1,0,0,0,0,0,0,0,0,0,0,0,0,1,0
9959,0,0,0,0,1,0,0,0,0,0,0,0,0,0,0,0,1,0
996,0,0,0,0,0,0,0,0,0,0,0,0,0,0,0,0,1,0
9966,1,0,0,0,0,0,1,0,0,0,1,0,0,0,0,0,1,0
9968,0,0,0,1,0,0,0,0,0,0,0,0,0,0,0,0,1,0
9978,1,1,0,0,1,0,0,1,0,0,0,0,0,0,0,0,0,0
9989,0,1,0,0,0,0,0,0,0,0,0,0,0,0,0,0,0,0
